fonte,is_synthetic,player_id,stagione,squadra,presenze,minuti,gol,assist,xG,xA,fantamedia,rigori_battuti
fixture_sintetica_v1,True,P0001,2024/25,SQ01,15,1132,0,0,0.0,0.0,6.68,0
fixture_sintetica_v1,True,P0001,2025/26,SQ01,14,659,0,0,0.0,0.0,6.7,0
fixture_sintetica_v1,True,P0002,2024/25,SQ01,15,854,0,0,0.0,0.0,7.21,0
fixture_sintetica_v1,True,P0002,2025/26,SQ01,8,689,0,0,0.0,0.0,7.76,0
fixture_sintetica_v1,True,P0003,2024/25,SQ01,17,863,0,0,0.0,0.0,6.34,0
fixture_sintetica_v1,True,P0003,2025/26,SQ01,11,726,0,0,0.0,0.0,6.65,0
fixture_sintetica_v1,True,P0004,2024/25,SQ01,20,1139,0,0,0.0,0.0,6.57,0
fixture_sintetica_v1,True,P0004,2025/26,SQ01,21,1014,0,0,0.0,0.0,6.64,0
fixture_sintetica_v1,True,P0005,2024/25,SQ01,10,855,0,0,0.0,0.0,7.21,0
fixture_sintetica_v1,True,P0005,2025/26,SQ01,20,997,0,1,0.0,0.83,7.09,0
fixture_sintetica_v1,True,P0006,2024/25,SQ01,11,648,0,1,0.0,0.84,7.41,0
fixture_sintetica_v1,True,P0006,2025/26,SQ01,12,982,0,1,0.0,0.92,7.68,0
fixture_sintetica_v1,True,P0007,2024/25,SQ01,20,1755,0,1,0.0,1.28,7.62,0
fixture_sintetica_v1,True,P0007,2025/26,SQ01,19,1371,0,1,0.0,0.88,7.39,0
fixture_sintetica_v1,True,P0008,2024/25,SQ01,21,1104,0,0,0.0,0.0,7.45,0
fixture_sintetica_v1,True,P0008,2025/26,SQ01,5,423,0,0,0.0,0.0,6.99,0
fixture_sintetica_v1,True,P0009,2024/25,SQ01,10,791,0,0,0.0,0.0,6.0,0
fixture_sintetica_v1,True,P0009,2025/26,SQ01,10,776,0,0,0.0,0.0,6.6,0
fixture_sintetica_v1,True,P0010,2024/25,SQ01,20,948,0,1,0.0,1.12,7.91,0
fixture_sintetica_v1,True,P0010,2025/26,SQ01,6,315,0,0,0.0,0.0,7.38,0
fixture_sintetica_v1,True,P0011,2024/25,SQ01,21,1890,0,0,0.0,0.0,6.84,0
fixture_sintetica_v1,True,P0011,2025/26,SQ01,6,419,0,0,0.0,0.0,6.8,0
fixture_sintetica_v1,True,P0012,2024/25,SQ01,26,1493,0,0,0.0,0.0,7.76,0
fixture_sintetica_v1,True,P0012,2025/26,SQ01,5,240,0,0,0.0,0.0,7.79,0
fixture_sintetica_v1,True,P0013,2024/25,SQ01,15,1210,0,0,0.0,0.0,6.77,0
fixture_sintetica_v1,True,P0013,2025/26,SQ01,17,1335,0,0,0.0,0.0,6.82,0
fixture_sintetica_v1,True,P0014,2024/25,SQ01,20,1552,2,0,1.7,0.0,6.77,0
fixture_sintetica_v1,True,P0014,2025/26,SQ01,4,247,0,0,0.0,0.0,6.55,0
fixture_sintetica_v1,True,P0015,2024/25,SQ01,20,919,2,3,2.56,2.49,7.67,0
fixture_sintetica_v1,True,P0015,2025/26,SQ01,22,1475,1,4,1.18,4.94,7.86,0
fixture_sintetica_v1,True,P0016,2024/25,SQ01,9,671,0,1,0.0,0.97,7.09,0
fixture_sintetica_v1,True,P0016,2025/26,SQ01,18,1135,2,2,1.93,1.61,7.68,0
fixture_sintetica_v1,True,P0017,2024/25,SQ01,21,1707,2,0,2.37,0.0,7.25,0
fixture_sintetica_v1,True,P0017,2025/26,SQ01,13,1126,0,1,0.0,1.13,6.91,0
fixture_sintetica_v1,True,P0018,2024/25,SQ01,19,1149,0,0,0.0,0.0,6.64,0
fixture_sintetica_v1,True,P0018,2025/26,SQ01,10,613,0,0,0.0,0.0,6.35,0
fixture_sintetica_v1,True,P0019,2024/25,SQ01,15,867,0,0,0.0,0.0,7.38,0
fixture_sintetica_v1,True,P0019,2025/26,SQ01,13,601,2,2,1.9,1.65,7.54,0
fixture_sintetica_v1,True,P0020,2024/25,SQ01,15,686,0,2,0.0,1.78,7.06,0
fixture_sintetica_v1,True,P0020,2025/26,SQ01,17,1248,0,0,0.0,0.0,6.69,0
fixture_sintetica_v1,True,P0021,2024/25,SQ01,11,836,0,1,0.0,1.1,6.85,0
fixture_sintetica_v1,True,P0021,2025/26,SQ01,10,793,0,0,0.0,0.0,6.38,0
fixture_sintetica_v1,True,P0022,2024/25,SQ01,5,347,0,0,0.0,0.0,7.46,0
fixture_sintetica_v1,True,P0022,2025/26,SQ01,23,1606,1,0,1.21,0.0,7.05,0
fixture_sintetica_v1,True,P0023,2024/25,SQ01,16,1180,3,1,2.64,0.96,7.96,0
fixture_sintetica_v1,True,P0023,2025/26,SQ01,18,1227,3,1,3.53,0.9,7.91,0
fixture_sintetica_v1,True,P0024,2024/25,SQ01,11,795,0,1,0.0,1.19,6.75,0
fixture_sintetica_v1,True,P0024,2025/26,SQ01,15,1069,2,0,2.32,0.0,6.69,0
fixture_sintetica_v1,True,P0025,2024/25,SQ01,8,710,0,0,0.0,0.0,7.27,0
fixture_sintetica_v1,True,P0025,2025/26,SQ01,13,735,2,1,1.92,1.12,7.42,0
fixture_sintetica_v1,True,P0026,2024/25,SQ01,21,1808,1,0,0.92,0.0,6.54,0
fixture_sintetica_v1,True,P0026,2025/26,SQ01,21,1230,2,0,1.72,0.0,6.81,0
fixture_sintetica_v1,True,P0027,2024/25,SQ01,13,852,3,1,2.96,1.14,6.88,0
fixture_sintetica_v1,True,P0027,2025/26,SQ01,15,910,2,2,2.0,1.83,6.53,0
fixture_sintetica_v1,True,P0028,2024/25,SQ01,17,1325,1,0,0.87,0.0,6.36,0
fixture_sintetica_v1,True,P0028,2025/26,SQ01,19,1579,1,0,0.99,0.0,6.64,0
fixture_sintetica_v1,True,P0029,2024/25,SQ01,15,957,0,1,0.0,1.05,6.85,0
fixture_sintetica_v1,True,P0029,2025/26,SQ01,17,1237,5,0,4.14,0.0,6.69,0
fixture_sintetica_v1,True,P0030,2024/25,SQ01,26,1282,7,3,8.1,2.52,7.37,0
fixture_sintetica_v1,True,P0030,2025/26,SQ01,21,1644,7,2,6.76,2.22,7.89,0
fixture_sintetica_v1,True,P0031,2024/25,SQ02,28,1432,0,0,0.0,0.0,7.81,0
fixture_sintetica_v1,True,P0031,2025/26,SQ02,4,227,0,0,0.0,0.0,7.05,0
fixture_sintetica_v1,True,P0032,2024/25,SQ02,21,1079,0,0,0.0,0.0,6.92,0
fixture_sintetica_v1,True,P0032,2025/26,SQ02,15,1071,0,0,0.0,0.0,7.18,0
fixture_sintetica_v1,True,P0033,2024/25,SQ02,27,1809,0,0,0.0,0.0,8.09,0
fixture_sintetica_v1,True,P0033,2025/26,SQ02,28,1420,0,0,0.0,0.0,7.66,0
fixture_sintetica_v1,True,P0034,2024/25,SQ02,18,1000,0,0,0.0,0.0,7.09,0
fixture_sintetica_v1,True,P0034,2025/26,SQ02,24,1420,0,0,0.0,0.0,7.03,0
fixture_sintetica_v1,True,P0035,2024/25,SQ02,17,1403,0,0,0.0,0.0,7.13,0
fixture_sintetica_v1,True,P0035,2025/26,SQ02,11,621,0,0,0.0,0.0,7.45,0
fixture_sintetica_v1,True,P0036,2024/25,SQ02,5,330,1,0,1.1,0.0,7.28,0
fixture_sintetica_v1,True,P0036,2025/26,SQ02,23,1822,2,0,1.76,0.0,7.03,0
fixture_sintetica_v1,True,P0037,2024/25,SQ02,12,683,0,1,0.0,1.29,7.3,0
fixture_sintetica_v1,True,P0037,2025/26,SQ02,14,1027,0,0,0.0,0.0,7.63,0
fixture_sintetica_v1,True,P0038,2024/25,SQ02,19,1305,0,0,0.0,0.0,6.24,0
fixture_sintetica_v1,True,P0038,2025/26,SQ02,20,1407,1,0,1.26,0.0,6.4,0
fixture_sintetica_v1,True,P0039,2024/25,SQ02,6,467,0,0,0.0,0.0,6.84,0
fixture_sintetica_v1,True,P0039,2025/26,SQ02,7,594,0,1,0.0,1.05,6.95,0
fixture_sintetica_v1,True,P0040,2024/25,SQ02,16,1215,0,0,0.0,0.0,6.68,0
fixture_sintetica_v1,True,P0040,2025/26,SQ02,9,673,0,0,0.0,0.0,6.61,0
fixture_sintetica_v1,True,P0041,2024/25,SQ02,9,624,0,0,0.0,0.0,6.83,0
fixture_sintetica_v1,True,P0041,2025/26,SQ02,21,1864,0,0,0.0,0.0,6.49,0
fixture_sintetica_v1,True,P0042,2024/25,SQ02,4,327,0,0,0.0,0.0,7.03,0
fixture_sintetica_v1,True,P0042,2025/26,SQ02,18,962,0,0,0.0,0.0,7.13,0
fixture_sintetica_v1,True,P0043,2024/25,SQ02,17,1283,0,0,0.0,0.0,6.82,0
fixture_sintetica_v1,True,P0043,2025/26,SQ02,22,1286,0,0,0.0,0.0,6.99,0
fixture_sintetica_v1,True,P0044,2024/25,SQ02,29,1958,2,2,1.79,2.55,8.24,0
fixture_sintetica_v1,True,P0044,2025/26,SQ02,25,1273,3,5,3.4,4.37,7.58,0
fixture_sintetica_v1,True,P0045,2024/25,SQ02,22,1283,0,1,0.0,0.87,7.13,0
fixture_sintetica_v1,True,P0045,2025/26,SQ02,11,518,0,0,0.0,0.0,7.07,0
fixture_sintetica_v1,True,P0046,2024/25,SQ20,7,621,0,0,0.0,0.0,6.28,0
fixture_sintetica_v1,True,P0046,2025/26,SQ02,21,1547,1,0,1.03,0.0,6.69,0
fixture_sintetica_v1,True,P0047,2024/25,SQ02,8,571,0,0,0.0,0.0,6.41,0
fixture_sintetica_v1,True,P0047,2025/26,SQ02,11,934,0,0,0.0,0.0,6.48,0
fixture_sintetica_v1,True,P0048,2024/25,SQ02,7,435,2,1,2.28,1.08,7.4,0
fixture_sintetica_v1,True,P0048,2025/26,SQ02,14,952,2,1,2.34,0.86,7.26,0
fixture_sintetica_v1,True,P0049,2024/25,SQ02,3,198,1,0,1.22,0.0,7.23,0
fixture_sintetica_v1,True,P0049,2025/26,SQ02,5,384,0,0,0.0,0.0,7.36,0
fixture_sintetica_v1,True,P0050,2024/25,SQ02,21,1053,2,4,1.64,3.35,7.47,0
fixture_sintetica_v1,True,P0050,2025/26,SQ02,6,492,0,3,0.0,2.94,7.73,0
fixture_sintetica_v1,True,P0051,2024/25,SQ02,26,1616,3,3,2.69,3.13,7.21,0
fixture_sintetica_v1,True,P0051,2025/26,SQ02,20,1037,0,1,0.0,1.09,7.63,0
fixture_sintetica_v1,True,P0052,2024/25,SQ02,3,167,0,0,0.0,0.0,7.05,0
fixture_sintetica_v1,True,P0052,2025/26,SQ02,17,1483,0,1,0.0,1.02,6.54,0
fixture_sintetica_v1,True,P0053,2024/25,SQ02,16,1308,3,0,2.61,0.0,7.18,0
fixture_sintetica_v1,True,P0053,2025/26,SQ02,14,736,3,1,3.45,1.01,7.32,0
fixture_sintetica_v1,True,P0054,2024/25,SQ02,26,2150,5,1,6.01,1.21,7.46,0
fixture_sintetica_v1,True,P0054,2025/26,SQ02,6,341,0,1,0.0,1.23,7.82,0
fixture_sintetica_v1,True,P0055,2024/25,SQ02,19,1381,2,1,1.84,0.97,7.32,0
fixture_sintetica_v1,True,P0055,2025/26,SQ02,23,1927,0,1,0.0,0.94,6.85,0
fixture_sintetica_v1,True,P0056,2024/25,SQ02,7,481,1,1,0.98,1.23,7.33,0
fixture_sintetica_v1,True,P0056,2025/26,SQ02,11,969,1,1,0.87,1.25,7.68,0
fixture_sintetica_v1,True,P0057,2024/25,SQ02,25,1179,3,2,3.68,1.73,7.19,0
fixture_sintetica_v1,True,P0057,2025/26,SQ02,22,1732,7,0,6.15,0.0,7.42,0
fixture_sintetica_v1,True,P0058,2024/25,SQ02,17,1141,1,0,0.88,0.0,6.54,0
fixture_sintetica_v1,True,P0058,2025/26,SQ02,9,456,3,1,3.74,0.93,6.83,0
fixture_sintetica_v1,True,P0059,2024/25,SQ02,17,954,0,1,0.0,1.14,6.15,0
fixture_sintetica_v1,True,P0059,2025/26,SQ02,14,668,1,0,1.07,0.0,6.54,0
fixture_sintetica_v1,True,P0060,2024/25,SQ02,23,1949,10,3,11.67,3.65,7.35,0
fixture_sintetica_v1,True,P0060,2025/26,SQ02,18,892,3,0,3.08,0.0,7.28,0
fixture_sintetica_v1,True,P0061,2024/25,SQ03,16,725,0,0,0.0,0.0,6.66,0
fixture_sintetica_v1,True,P0061,2025/26,SQ03,16,1033,0,0,0.0,0.0,6.08,0
fixture_sintetica_v1,True,P0062,2024/25,SQ03,17,950,0,0,0.0,0.0,7.61,0
fixture_sintetica_v1,True,P0062,2025/26,SQ03,18,1315,0,0,0.0,0.0,7.19,0
fixture_sintetica_v1,True,P0063,2024/25,SQ03,27,1550,0,0,0.0,0.0,7.76,0
fixture_sintetica_v1,True,P0063,2025/26,SQ03,18,1306,0,0,0.0,0.0,7.49,0
fixture_sintetica_v1,True,P0064,2024/25,SQ03,18,1521,0,0,0.0,0.0,6.16,0
fixture_sintetica_v1,True,P0064,2025/26,SQ03,13,635,0,0,0.0,0.0,6.58,0
fixture_sintetica_v1,True,P0065,2024/25,SQ03,13,937,1,0,0.82,0.0,7.02,0
fixture_sintetica_v1,True,P0065,2025/26,SQ03,22,1741,0,0,0.0,0.0,6.97,0
fixture_sintetica_v1,True,P0066,2024/25,SQ03,5,300,0,0,0.0,0.0,6.62,0
fixture_sintetica_v1,True,P0066,2025/26,SQ03,19,1250,0,0,0.0,0.0,6.98,0
fixture_sintetica_v1,True,P0067,2024/25,SQ03,10,597,0,0,0.0,0.0,6.75,0
fixture_sintetica_v1,True,P0067,2025/26,SQ03,9,621,0,0,0.0,0.0,7.3,0
fixture_sintetica_v1,True,P0068,2024/25,SQ03,15,1277,0,0,0.0,0.0,6.25,0
fixture_sintetica_v1,True,P0068,2025/26,SQ03,18,1039,0,0,0.0,0.0,6.82,0
fixture_sintetica_v1,True,P0069,2024/25,SQ03,5,356,0,0,0.0,0.0,6.76,0
fixture_sintetica_v1,True,P0069,2025/26,SQ03,20,1546,1,0,1.2,0.0,6.93,0
fixture_sintetica_v1,True,P0070,2024/25,SQ03,17,1392,1,0,1.07,0.0,7.94,0
fixture_sintetica_v1,True,P0070,2025/26,SQ03,14,852,0,0,0.0,0.0,8.2,0
fixture_sintetica_v1,True,P0071,2024/25,SQ03,19,1364,0,0,0.0,0.0,6.26,0
fixture_sintetica_v1,True,P0071,2025/26,SQ03,10,754,0,0,0.0,0.0,6.53,0
fixture_sintetica_v1,True,P0072,2024/25,SQ07,10,794,0,0,0.0,0.0,6.48,0
fixture_sintetica_v1,True,P0072,2025/26,SQ03,14,742,0,0,0.0,0.0,7.1,0
fixture_sintetica_v1,True,P0073,2024/25,SQ03,14,1060,0,0,0.0,0.0,8.0,0
fixture_sintetica_v1,True,P0073,2025/26,SQ03,31,1447,0,2,0.0,2.25,8.05,0
fixture_sintetica_v1,True,P0074,2024/25,SQ03,9,664,1,2,1.07,1.82,7.83,0
fixture_sintetica_v1,True,P0074,2025/26,SQ03,11,591,1,1,1.1,0.96,7.37,0
fixture_sintetica_v1,True,P0075,2024/25,SQ03,6,469,0,0,0.0,0.0,7.19,0
fixture_sintetica_v1,True,P0075,2025/26,SQ03,21,1001,0,3,0.0,3.5,7.79,0
fixture_sintetica_v1,True,P0076,2024/25,SQ03,13,763,1,1,0.83,1.27,7.05,0
fixture_sintetica_v1,True,P0076,2025/26,SQ03,5,307,0,0,0.0,0.0,6.97,0
fixture_sintetica_v1,True,P0077,2024/25,SQ03,11,627,0,1,0.0,0.85,6.97,0
fixture_sintetica_v1,True,P0077,2025/26,SQ03,14,1181,0,0,0.0,0.0,7.36,0
fixture_sintetica_v1,True,P0078,2024/25,SQ03,19,1464,0,1,0.0,1.02,6.7,0
fixture_sintetica_v1,True,P0078,2025/26,SQ03,18,923,0,0,0.0,0.0,6.79,0
fixture_sintetica_v1,True,P0079,2024/25,SQ03,19,929,1,2,1.3,1.67,7.82,0
fixture_sintetica_v1,True,P0079,2025/26,SQ03,19,1597,1,3,1.04,2.91,7.96,0
fixture_sintetica_v1,True,P0080,2024/25,SQ03,20,1452,1,1,0.83,1.13,7.0,0
fixture_sintetica_v1,True,P0080,2025/26,SQ03,21,1139,1,0,1.08,0.0,6.66,0
fixture_sintetica_v1,True,P0081,2024/25,SQ02,22,1430,0,0,0.0,0.0,6.56,0
fixture_sintetica_v1,True,P0081,2025/26,SQ03,20,1348,2,1,2.16,0.88,6.5,0
fixture_sintetica_v1,True,P0082,2024/25,SQ03,21,1214,0,3,0.0,2.7,7.39,0
fixture_sintetica_v1,True,P0082,2025/26,SQ03,5,416,0,0,0.0,0.0,7.31,0
fixture_sintetica_v1,True,P0083,2024/25,SQ03,12,702,0,0,0.0,0.0,6.89,0
fixture_sintetica_v1,True,P0083,2025/26,SQ03,19,1206,1,1,1.22,1.22,6.48,0
fixture_sintetica_v1,True,P0084,2024/25,SQ03,15,1198,2,0,2.25,0.0,6.5,0
fixture_sintetica_v1,True,P0084,2025/26,SQ03,19,902,1,0,0.83,0.0,7.05,0
fixture_sintetica_v1,True,P0085,2024/25,SQ03,19,1012,5,4,5.55,4.4,7.15,0
fixture_sintetica_v1,True,P0085,2025/26,SQ03,8,564,1,0,1.21,0.0,7.18,0
fixture_sintetica_v1,True,P0086,2024/25,SQ03,6,392,0,0,0.0,0.0,6.07,0
fixture_sintetica_v1,True,P0086,2025/26,SQ03,10,609,1,0,1.02,0.0,6.27,0
fixture_sintetica_v1,True,P0087,2024/25,SQ03,14,901,1,1,1.16,0.87,7.65,0
fixture_sintetica_v1,True,P0087,2025/26,SQ03,12,991,4,2,4.16,2.23,7.58,0
fixture_sintetica_v1,True,P0088,2024/25,SQ03,10,876,0,1,0.0,1.28,6.25,0
fixture_sintetica_v1,True,P0088,2025/26,SQ03,17,1328,0,0,0.0,0.0,6.56,0
fixture_sintetica_v1,True,P0089,2024/25,SQ03,17,1316,2,3,2.33,2.85,8.04,0
fixture_sintetica_v1,True,P0089,2025/26,SQ03,23,2032,10,3,9.16,2.49,7.4,0
fixture_sintetica_v1,True,P0090,2024/25,SQ03,24,1206,1,0,1.08,0.0,7.69,0
fixture_sintetica_v1,True,P0090,2025/26,SQ03,22,1752,5,1,5.88,1.06,7.52,0
fixture_sintetica_v1,True,P0091,2024/25,SQ04,23,1569,0,0,0.0,0.0,6.95,0
fixture_sintetica_v1,True,P0091,2025/26,SQ04,8,544,0,0,0.0,0.0,6.89,0
fixture_sintetica_v1,True,P0092,2024/25,SQ04,13,925,0,0,0.0,0.0,6.4,0
fixture_sintetica_v1,True,P0092,2025/26,SQ04,11,810,0,0,0.0,0.0,5.87,0
fixture_sintetica_v1,True,P0093,2024/25,SQ04,7,562,0,0,0.0,0.0,7.62,0
fixture_sintetica_v1,True,P0093,2025/26,SQ04,7,515,0,0,0.0,0.0,6.98,0
fixture_sintetica_v1,True,P0094,2024/25,SQ05,19,928,0,0,0.0,0.0,7.23,0
fixture_sintetica_v1,True,P0094,2025/26,SQ04,14,834,0,0,0.0,0.0,7.78,0
fixture_sintetica_v1,True,P0095,2024/25,SQ04,16,721,1,0,0.92,0.0,7.5,0
fixture_sintetica_v1,True,P0095,2025/26,SQ04,20,914,1,1,0.98,0.94,7.95,0
fixture_sintetica_v1,True,P0096,2024/25,SQ04,12,1010,0,0,0.0,0.0,6.75,0
fixture_sintetica_v1,True,P0096,2025/26,SQ04,13,1167,1,0,1.1,0.0,6.97,0
fixture_sintetica_v1,True,P0097,2024/25,SQ04,4,240,0,0,0.0,0.0,6.67,0
fixture_sintetica_v1,True,P0097,2025/26,SQ04,4,203,0,0,0.0,0.0,7.02,0
fixture_sintetica_v1,True,P0098,2024/25,SQ04,12,969,0,0,0.0,0.0,7.06,0
fixture_sintetica_v1,True,P0098,2025/26,SQ04,21,1084,1,1,0.98,0.84,6.83,0
fixture_sintetica_v1,True,P0099,2024/25,SQ04,18,846,0,0,0.0,0.0,6.6,0
fixture_sintetica_v1,True,P0099,2025/26,SQ04,19,1135,0,0,0.0,0.0,6.73,0
fixture_sintetica_v1,True,P0100,2024/25,SQ04,17,1078,0,1,0.0,1.09,7.83,0
fixture_sintetica_v1,True,P0100,2025/26,SQ04,18,1427,0,1,0.0,0.97,7.81,0
fixture_sintetica_v1,True,P0101,2024/25,SQ04,10,626,0,0,0.0,0.0,8.23,0
fixture_sintetica_v1,True,P0101,2025/26,SQ04,7,484,0,0,0.0,0.0,7.66,0
fixture_sintetica_v1,True,P0102,2024/25,SQ04,27,1774,0,1,0.0,1.07,7.37,0
fixture_sintetica_v1,True,P0102,2025/26,SQ04,8,655,0,0,0.0,0.0,7.83,0
fixture_sintetica_v1,True,P0103,2024/25,SQ04,13,616,1,0,0.86,0.0,7.89,0
fixture_sintetica_v1,True,P0103,2025/26,SQ04,14,875,0,0,0.0,0.0,8.07,0
fixture_sintetica_v1,True,P0104,2024/25,SQ04,9,655,0,1,0.0,1.06,7.59,0
fixture_sintetica_v1,True,P0104,2025/26,SQ04,10,461,0,2,0.0,2.19,7.47,0
fixture_sintetica_v1,True,P0105,2024/25,SQ04,9,697,0,0,0.0,0.0,6.98,0
fixture_sintetica_v1,True,P0105,2025/26,SQ04,20,1436,1,1,0.92,0.82,6.95,0
fixture_sintetica_v1,True,P0106,2024/25,SQ04,12,786,1,0,1.16,0.0,8.09,0
fixture_sintetica_v1,True,P0106,2025/26,SQ04,9,708,2,0,2.41,0.0,7.63,0
fixture_sintetica_v1,True,P0107,2024/25,SQ04,18,1316,2,1,2.06,1.15,7.45,0
fixture_sintetica_v1,True,P0107,2025/26,SQ04,7,505,0,1,0.0,0.82,7.52,0
fixture_sintetica_v1,True,P0108,2024/25,SQ04,19,925,0,0,0.0,0.0,7.13,0
fixture_sintetica_v1,True,P0108,2025/26,SQ04,21,1030,0,2,0.0,2.44,7.43,0
fixture_sintetica_v1,True,P0109,2024/25,SQ04,20,1533,0,0,0.0,0.0,7.2,0
fixture_sintetica_v1,True,P0109,2025/26,SQ04,18,1181,1,2,1.2,2.26,7.18,0
fixture_sintetica_v1,True,P0110,2024/25,SQ04,12,605,1,2,1.21,2.09,7.33,0
fixture_sintetica_v1,True,P0110,2025/26,SQ04,20,1611,1,1,0.95,1.22,7.68,0
fixture_sintetica_v1,True,P0111,2024/25,SQ04,17,822,0,2,0.0,1.61,7.06,0
fixture_sintetica_v1,True,P0111,2025/26,SQ04,12,597,0,1,0.0,0.88,6.86,0
fixture_sintetica_v1,True,P0112,2024/25,SQ04,20,1537,0,0,0.0,0.0,6.77,0
fixture_sintetica_v1,True,P0112,2025/26,SQ04,16,1405,0,0,0.0,0.0,6.55,0
fixture_sintetica_v1,True,P0113,2024/25,SQ04,12,731,7,0,7.12,0.0,7.79,0
fixture_sintetica_v1,True,P0113,2025/26,SQ04,9,421,2,0,1.99,0.0,7.18,0
fixture_sintetica_v1,True,P0114,2024/25,SQ04,6,453,0,0,0.0,0.0,6.16,0
fixture_sintetica_v1,True,P0114,2025/26,SQ04,6,461,0,0,0.0,0.0,6.04,0
fixture_sintetica_v1,True,P0115,2024/25,SQ04,7,421,0,0,0.0,0.0,6.24,0
fixture_sintetica_v1,True,P0115,2025/26,SQ04,19,1166,1,0,1.29,0.0,6.52,0
fixture_sintetica_v1,True,P0116,2024/25,SQ04,20,1353,2,0,2.39,0.0,6.45,0
fixture_sintetica_v1,True,P0116,2025/26,SQ04,13,586,2,0,2.23,0.0,6.9,0
fixture_sintetica_v1,True,P0117,2024/25,SQ04,20,1040,5,3,4.27,3.5,7.05,0
fixture_sintetica_v1,True,P0117,2025/26,SQ04,8,533,3,0,2.44,0.0,6.89,0
fixture_sintetica_v1,True,P0118,2024/25,SQ04,23,1887,6,2,6.07,2.29,7.12,0
fixture_sintetica_v1,True,P0118,2025/26,SQ04,11,892,0,3,0.0,3.67,7.48,0
fixture_sintetica_v1,True,P0119,2024/25,SQ04,23,1980,6,2,6.07,1.76,7.33,0
fixture_sintetica_v1,True,P0119,2025/26,SQ04,23,1165,3,3,3.45,2.55,6.87,0
fixture_sintetica_v1,True,P0120,2024/25,SQ04,14,871,1,0,1.11,0.0,6.52,0
fixture_sintetica_v1,True,P0120,2025/26,SQ04,13,1056,3,1,3.69,1.26,6.5,0
fixture_sintetica_v1,True,P0121,2024/25,SQ05,21,1423,0,0,0.0,0.0,7.46,0
fixture_sintetica_v1,True,P0121,2025/26,SQ05,5,420,0,0,0.0,0.0,7.32,0
fixture_sintetica_v1,True,P0122,2024/25,SQ05,17,891,0,0,0.0,0.0,6.54,0
fixture_sintetica_v1,True,P0122,2025/26,SQ05,11,765,0,0,0.0,0.0,6.84,0
fixture_sintetica_v1,True,P0123,2024/25,SQ05,15,866,0,0,0.0,0.0,7.32,0
fixture_sintetica_v1,True,P0123,2025/26,SQ05,26,1479,0,0,0.0,0.0,7.34,0
fixture_sintetica_v1,True,P0124,2024/25,SQ05,22,1768,0,0,0.0,0.0,7.08,0
fixture_sintetica_v1,True,P0124,2025/26,SQ05,6,329,0,0,0.0,0.0,7.12,0
fixture_sintetica_v1,True,P0125,2024/25,SQ05,12,855,0,0,0.0,0.0,6.78,0
fixture_sintetica_v1,True,P0125,2025/26,SQ05,20,1222,0,0,0.0,0.0,7.31,0
fixture_sintetica_v1,True,P0126,2024/25,SQ05,21,1011,1,0,0.87,0.0,7.29,0
fixture_sintetica_v1,True,P0126,2025/26,SQ05,23,1954,0,0,0.0,0.0,7.71,0
fixture_sintetica_v1,True,P0127,2024/25,SQ05,22,1175,0,0,0.0,0.0,6.96,0
fixture_sintetica_v1,True,P0127,2025/26,SQ05,13,764,0,0,0.0,0.0,6.63,0
fixture_sintetica_v1,True,P0128,2024/25,SQ05,28,1584,0,0,0.0,0.0,7.22,0
fixture_sintetica_v1,True,P0128,2025/26,SQ05,23,1051,1,0,1.24,0.0,7.09,0
fixture_sintetica_v1,True,P0129,2024/25,SQ05,15,964,0,1,0.0,0.83,7.59,0
fixture_sintetica_v1,True,P0129,2025/26,SQ05,22,1042,2,0,2.56,0.0,7.53,0
fixture_sintetica_v1,True,P0130,2024/25,SQ05,11,509,0,0,0.0,0.0,6.69,0
fixture_sintetica_v1,True,P0130,2025/26,SQ05,18,1035,0,0,0.0,0.0,7.1,0
fixture_sintetica_v1,True,P0131,2024/25,SQ05,20,1189,0,0,0.0,0.0,6.37,0
fixture_sintetica_v1,True,P0131,2025/26,SQ05,14,838,0,0,0.0,0.0,6.98,0
fixture_sintetica_v1,True,P0132,2024/25,SQ05,16,1271,0,0,0.0,0.0,7.06,0
fixture_sintetica_v1,True,P0132,2025/26,SQ05,6,388,0,0,0.0,0.0,6.42,0
fixture_sintetica_v1,True,P0133,2024/25,SQ14,8,578,0,0,0.0,0.0,6.53,0
fixture_sintetica_v1,True,P0133,2025/26,SQ05,15,1095,0,0,0.0,0.0,6.56,0
fixture_sintetica_v1,True,P0134,2024/25,SQ05,18,1545,0,1,0.0,1.21,6.49,0
fixture_sintetica_v1,True,P0134,2025/26,SQ05,12,713,0,0,0.0,0.0,6.55,0
fixture_sintetica_v1,True,P0135,2024/25,SQ05,4,309,0,0,0.0,0.0,6.52,0
fixture_sintetica_v1,True,P0135,2025/26,SQ05,8,494,0,0,0.0,0.0,6.6,0
fixture_sintetica_v1,True,P0136,2024/25,SQ05,20,1210,2,0,2.05,0.0,7.84,0
fixture_sintetica_v1,True,P0136,2025/26,SQ05,8,554,0,1,0.0,0.93,7.83,0
fixture_sintetica_v1,True,P0137,2024/25,SQ05,12,913,0,1,0.0,0.89,7.1,0
fixture_sintetica_v1,True,P0137,2025/26,SQ05,22,1073,0,0,0.0,0.0,7.26,0
fixture_sintetica_v1,True,P0138,2024/25,SQ05,3,162,0,0,0.0,0.0,6.48,0
fixture_sintetica_v1,True,P0138,2025/26,SQ05,9,512,0,0,0.0,0.0,6.06,0
fixture_sintetica_v1,True,P0139,2024/25,SQ05,23,1043,2,3,1.71,3.45,8.2,0
fixture_sintetica_v1,True,P0139,2025/26,SQ05,28,1876,1,5,0.88,4.75,7.82,0
fixture_sintetica_v1,True,P0140,2024/25,SQ05,16,814,1,1,0.81,1.05,6.79,0
fixture_sintetica_v1,True,P0140,2025/26,SQ05,14,698,0,0,0.0,0.0,7.03,0
fixture_sintetica_v1,True,P0141,2024/25,SQ05,22,1309,1,0,1.06,0.0,7.45,0
fixture_sintetica_v1,True,P0141,2025/26,SQ05,8,384,1,0,1.23,0.0,7.69,0
fixture_sintetica_v1,True,P0142,2024/25,SQ05,19,921,0,1,0.0,1.07,7.57,0
fixture_sintetica_v1,True,P0142,2025/26,SQ05,26,2276,3,4,3.74,3.51,7.45,0
fixture_sintetica_v1,True,P0143,2024/25,SQ05,4,295,2,1,2.45,0.96,7.07,0
fixture_sintetica_v1,True,P0143,2025/26,SQ05,15,1312,2,1,2.57,1.18,7.14,0
fixture_sintetica_v1,True,P0144,2024/25,SQ05,8,661,1,0,0.93,0.0,6.78,0
fixture_sintetica_v1,True,P0144,2025/26,SQ05,15,979,1,2,1.15,2.23,7.01,0
fixture_sintetica_v1,True,P0145,2024/25,SQ05,4,344,1,0,1.0,0.0,6.02,0
fixture_sintetica_v1,True,P0145,2025/26,SQ05,7,529,0,0,0.0,0.0,5.98,0
fixture_sintetica_v1,True,P0146,2024/25,SQ05,23,2039,3,0,3.63,0.0,7.1,0
fixture_sintetica_v1,True,P0146,2025/26,SQ05,16,819,1,1,1.12,1.1,7.14,0
fixture_sintetica_v1,True,P0147,2024/25,SQ05,17,1044,4,2,3.7,1.68,7.2,0
fixture_sintetica_v1,True,P0147,2025/26,SQ05,20,1288,3,1,3.52,1.19,7.35,0
fixture_sintetica_v1,True,P0148,2024/25,SQ05,12,760,6,1,7.03,0.91,8.1,0
fixture_sintetica_v1,True,P0148,2025/26,SQ05,5,417,1,0,0.81,0.0,7.68,0
fixture_sintetica_v1,True,P0149,2024/25,SQ05,11,738,0,0,0.0,0.0,6.24,0
fixture_sintetica_v1,True,P0149,2025/26,SQ05,9,753,0,0,0.0,0.0,6.78,0
fixture_sintetica_v1,True,P0150,2024/25,SQ05,11,777,2,0,2.59,0.0,8.31,0
fixture_sintetica_v1,True,P0150,2025/26,SQ05,22,1318,7,2,5.86,2.5,7.93,0
fixture_sintetica_v1,True,P0151,2024/25,SQ06,20,1411,0,0,0.0,0.0,6.89,0
fixture_sintetica_v1,True,P0151,2025/26,SQ06,12,707,0,0,0.0,0.0,7.33,0
fixture_sintetica_v1,True,P0152,2024/25,SQ06,19,1065,0,0,0.0,0.0,7.24,0
fixture_sintetica_v1,True,P0152,2025/26,SQ06,15,1022,0,0,0.0,0.0,7.3,0
fixture_sintetica_v1,True,P0153,2024/25,SQ06,21,1522,0,0,0.0,0.0,7.16,0
fixture_sintetica_v1,True,P0153,2025/26,SQ06,24,1130,0,0,0.0,0.0,6.9,0
fixture_sintetica_v1,True,P0154,2024/25,SQ19,12,549,0,0,0.0,0.0,6.67,0
fixture_sintetica_v1,True,P0154,2025/26,SQ06,9,619,0,0,0.0,0.0,6.84,0
fixture_sintetica_v1,True,P0155,2024/25,SQ06,4,288,0,0,0.0,0.0,6.79,0
fixture_sintetica_v1,True,P0155,2025/26,SQ06,8,488,0,0,0.0,0.0,6.67,0
fixture_sintetica_v1,True,P0156,2024/25,SQ06,18,1067,0,0,0.0,0.0,6.8,0
fixture_sintetica_v1,True,P0156,2025/26,SQ06,7,610,0,0,0.0,0.0,6.49,0
fixture_sintetica_v1,True,P0157,2024/25,SQ04,13,892,0,0,0.0,0.0,6.32,0
fixture_sintetica_v1,True,P0157,2025/26,SQ06,15,866,0,0,0.0,0.0,6.92,0
fixture_sintetica_v1,True,P0158,2024/25,SQ06,15,1178,0,0,0.0,0.0,7.6,0
fixture_sintetica_v1,True,P0158,2025/26,SQ06,21,1678,0,0,0.0,0.0,7.97,0
fixture_sintetica_v1,True,P0159,2024/25,SQ06,15,1074,0,0,0.0,0.0,7.67,0
fixture_sintetica_v1,True,P0159,2025/26,SQ06,8,616,0,0,0.0,0.0,7.89,0
fixture_sintetica_v1,True,P0160,2024/25,SQ15,12,547,0,0,0.0,0.0,7.61,0
fixture_sintetica_v1,True,P0160,2025/26,SQ06,25,1770,0,0,0.0,0.0,7.75,0
fixture_sintetica_v1,True,P0161,2024/25,SQ06,18,1546,0,0,0.0,0.0,7.04,0
fixture_sintetica_v1,True,P0161,2025/26,SQ06,24,1528,0,0,0.0,0.0,7.14,0
fixture_sintetica_v1,True,P0162,2024/25,SQ06,20,1555,0,0,0.0,0.0,6.35,0
fixture_sintetica_v1,True,P0162,2025/26,SQ06,5,305,0,0,0.0,0.0,6.72,0
fixture_sintetica_v1,True,P0163,2024/25,SQ06,20,1376,1,0,1.07,0.0,6.57,0
fixture_sintetica_v1,True,P0163,2025/26,SQ06,13,783,0,0,0.0,0.0,6.27,0
fixture_sintetica_v1,True,P0164,2024/25,SQ14,7,628,0,0,0.0,0.0,6.76,0
fixture_sintetica_v1,True,P0164,2025/26,SQ06,14,960,0,1,0.0,1.13,6.69,0
fixture_sintetica_v1,True,P0165,2024/25,SQ06,9,761,0,0,0.0,0.0,7.37,0
fixture_sintetica_v1,True,P0165,2025/26,SQ06,29,1640,1,3,1.0,3.2,7.72,0
fixture_sintetica_v1,True,P0166,2024/25,SQ06,5,278,0,0,0.0,0.0,7.15,0
fixture_sintetica_v1,True,P0166,2025/26,SQ06,16,1044,0,1,0.0,0.98,6.89,0
fixture_sintetica_v1,True,P0167,2024/25,SQ06,8,430,0,0,0.0,0.0,7.18,0
fixture_sintetica_v1,True,P0167,2025/26,SQ06,12,819,0,0,0.0,0.0,7.42,0
fixture_sintetica_v1,True,P0168,2024/25,SQ06,6,311,0,0,0.0,0.0,6.6,0
fixture_sintetica_v1,True,P0168,2025/26,SQ06,5,349,0,0,0.0,0.0,6.31,0
fixture_sintetica_v1,True,P0169,2024/25,SQ06,12,638,0,1,0.0,0.88,6.63,0
fixture_sintetica_v1,True,P0169,2025/26,SQ06,7,479,0,0,0.0,0.0,6.45,0
fixture_sintetica_v1,True,P0170,2024/25,SQ06,8,373,0,0,0.0,0.0,6.35,0
fixture_sintetica_v1,True,P0170,2025/26,SQ06,15,1219,2,1,1.68,0.96,6.37,0
fixture_sintetica_v1,True,P0171,2024/25,SQ06,7,406,1,0,0.96,0.0,6.84,0
fixture_sintetica_v1,True,P0171,2025/26,SQ06,16,1153,0,2,0.0,2.1,7.32,0
fixture_sintetica_v1,True,P0172,2024/25,SQ05,4,244,0,0,0.0,0.0,7.03,0
fixture_sintetica_v1,True,P0172,2025/26,SQ06,21,1305,1,0,1.06,0.0,6.99,0
fixture_sintetica_v1,True,P0173,2024/25,SQ06,3,185,0,0,0.0,0.0,6.72,0
fixture_sintetica_v1,True,P0173,2025/26,SQ06,19,1452,0,1,0.0,0.9,7.14,0
fixture_sintetica_v1,True,P0174,2024/25,SQ06,5,424,0,1,0.0,1.01,6.98,0
fixture_sintetica_v1,True,P0174,2025/26,SQ06,25,1628,4,2,3.61,1.76,7.29,0
fixture_sintetica_v1,True,P0175,2024/25,SQ06,3,222,1,0,0.87,0.0,6.5,0
fixture_sintetica_v1,True,P0175,2025/26,SQ06,10,680,3,1,2.96,0.99,6.86,0
fixture_sintetica_v1,True,P0176,2024/25,SQ06,12,891,2,0,1.62,0.0,7.37,0
fixture_sintetica_v1,True,P0176,2025/26,SQ06,8,701,0,0,0.0,0.0,6.95,0
fixture_sintetica_v1,True,P0177,2024/25,SQ03,8,429,2,0,1.63,0.0,6.98,0
fixture_sintetica_v1,True,P0177,2025/26,SQ06,18,1179,4,1,4.69,0.94,6.67,0
fixture_sintetica_v1,True,P0178,2024/25,SQ06,27,2097,4,0,4.84,0.0,7.4,0
fixture_sintetica_v1,True,P0178,2025/26,SQ06,23,1145,10,4,8.49,4.58,7.61,0
fixture_sintetica_v1,True,P0179,2024/25,SQ06,5,335,1,0,1.29,0.0,7.33,0
fixture_sintetica_v1,True,P0179,2025/26,SQ06,25,1369,6,3,6.38,3.44,7.59,0
fixture_sintetica_v1,True,P0180,2024/25,SQ01,11,527,0,0,0.0,0.0,6.42,0
fixture_sintetica_v1,True,P0180,2025/26,SQ06,5,375,1,0,0.85,0.0,6.92,0
fixture_sintetica_v1,True,P0181,2024/25,SQ07,14,1173,0,0,0.0,0.0,7.17,0
fixture_sintetica_v1,True,P0181,2025/26,SQ07,4,192,0,0,0.0,0.0,6.98,0
fixture_sintetica_v1,True,P0182,2024/25,SQ07,13,1095,0,0,0.0,0.0,7.52,0
fixture_sintetica_v1,True,P0182,2025/26,SQ07,25,1282,0,0,0.0,0.0,7.43,0
fixture_sintetica_v1,True,P0183,2024/25,SQ07,8,681,0,0,0.0,0.0,7.06,0
fixture_sintetica_v1,True,P0183,2025/26,SQ07,26,1277,0,0,0.0,0.0,7.45,0
fixture_sintetica_v1,True,P0184,2024/25,SQ07,14,939,0,0,0.0,0.0,7.41,0
fixture_sintetica_v1,True,P0184,2025/26,SQ07,10,492,0,0,0.0,0.0,7.9,0
fixture_sintetica_v1,True,P0185,2024/25,SQ07,10,459,0,1,0.0,1.14,6.15,0
fixture_sintetica_v1,True,P0185,2025/26,SQ07,8,549,0,0,0.0,0.0,6.13,0
fixture_sintetica_v1,True,P0186,2024/25,SQ07,13,958,0,0,0.0,0.0,7.12,0
fixture_sintetica_v1,True,P0186,2025/26,SQ07,24,2018,0,0,0.0,0.0,6.92,0
fixture_sintetica_v1,True,P0187,2024/25,SQ07,6,400,0,0,0.0,0.0,6.37,0
fixture_sintetica_v1,True,P0187,2025/26,SQ07,7,524,0,0,0.0,0.0,6.13,0
fixture_sintetica_v1,True,P0188,2024/25,SQ07,23,1262,0,1,0.0,0.8,7.01,0
fixture_sintetica_v1,True,P0188,2025/26,SQ07,26,1599,0,0,0.0,0.0,6.93,0
fixture_sintetica_v1,True,P0189,2024/25,SQ07,17,859,0,1,0.0,1.24,7.69,0
fixture_sintetica_v1,True,P0189,2025/26,SQ07,30,2323,1,0,1.01,0.0,8.26,0
fixture_sintetica_v1,True,P0190,2024/25,SQ07,28,1529,0,1,0.0,1.18,7.78,0
fixture_sintetica_v1,True,P0190,2025/26,SQ07,12,822,0,0,0.0,0.0,7.02,0
fixture_sintetica_v1,True,P0191,2024/25,SQ07,16,1187,0,0,0.0,0.0,6.0,0
fixture_sintetica_v1,True,P0191,2025/26,SQ07,3,267,0,0,0.0,0.0,5.96,0
fixture_sintetica_v1,True,P0192,2024/25,SQ07,21,1164,0,0,0.0,0.0,7.08,0
fixture_sintetica_v1,True,P0192,2025/26,SQ07,3,206,0,0,0.0,0.0,6.82,0
fixture_sintetica_v1,True,P0193,2024/25,SQ07,26,1507,0,1,0.0,1.19,7.73,0
fixture_sintetica_v1,True,P0193,2025/26,SQ07,17,921,0,0,0.0,0.0,7.15,0
fixture_sintetica_v1,True,P0194,2024/25,SQ07,25,2088,2,1,1.7,0.93,7.57,0
fixture_sintetica_v1,True,P0194,2025/26,SQ07,26,1922,1,3,1.22,3.05,7.39,0
fixture_sintetica_v1,True,P0195,2024/25,SQ07,4,212,0,0,0.0,0.0,7.17,0
fixture_sintetica_v1,True,P0195,2025/26,SQ07,14,1198,0,1,0.0,1.23,7.05,0
fixture_sintetica_v1,True,P0196,2024/25,SQ07,5,265,1,2,0.85,1.86,7.61,0
fixture_sintetica_v1,True,P0196,2025/26,SQ07,5,335,0,1,0.0,1.03,7.72,0
fixture_sintetica_v1,True,P0197,2024/25,SQ07,3,225,0,0,0.0,0.0,6.21,0
fixture_sintetica_v1,True,P0197,2025/26,SQ07,4,321,0,0,0.0,0.0,6.46,0
fixture_sintetica_v1,True,P0198,2024/25,SQ07,6,450,0,2,0.0,2.2,6.6,0
fixture_sintetica_v1,True,P0198,2025/26,SQ07,8,484,0,0,0.0,0.0,7.1,0
fixture_sintetica_v1,True,P0199,2024/25,SQ07,13,947,1,1,1.18,1.06,6.23,0
fixture_sintetica_v1,True,P0199,2025/26,SQ07,5,240,0,0,0.0,0.0,6.47,0
fixture_sintetica_v1,True,P0200,2024/25,SQ07,21,1023,2,2,2.29,1.66,7.44,0
fixture_sintetica_v1,True,P0200,2025/26,SQ07,24,1306,0,2,0.0,1.73,7.23,0
fixture_sintetica_v1,True,P0201,2024/25,SQ07,20,1137,1,1,1.06,1.0,7.43,0
fixture_sintetica_v1,True,P0201,2025/26,SQ07,18,1440,3,1,3.04,1.08,7.56,0
fixture_sintetica_v1,True,P0202,2024/25,SQ07,32,1607,2,1,2.49,0.85,8.24,0
fixture_sintetica_v1,True,P0202,2025/26,SQ07,27,2158,2,4,2.41,3.4,8.23,0
fixture_sintetica_v1,True,P0203,2024/25,SQ07,26,1311,6,6,6.13,5.64,7.13,0
fixture_sintetica_v1,True,P0203,2025/26,SQ07,15,769,1,2,1.26,2.0,7.37,0
fixture_sintetica_v1,True,P0204,2024/25,SQ07,23,1737,2,2,2.43,1.7,6.89,0
fixture_sintetica_v1,True,P0204,2025/26,SQ07,25,1318,2,2,2.54,2.29,7.06,0
fixture_sintetica_v1,True,P0205,2024/25,SQ07,4,283,0,1,0.0,1.1,6.51,0
fixture_sintetica_v1,True,P0205,2025/26,SQ07,3,156,1,1,1.13,1.07,7.05,0
fixture_sintetica_v1,True,P0206,2024/25,SQ07,8,678,0,0,0.0,0.0,7.54,0
fixture_sintetica_v1,True,P0206,2025/26,SQ07,22,1016,3,2,3.68,1.87,7.53,0
fixture_sintetica_v1,True,P0207,2024/25,SQ07,25,1813,4,2,3.65,1.79,7.67,0
fixture_sintetica_v1,True,P0207,2025/26,SQ07,21,1429,5,2,6.37,1.72,7.64,0
fixture_sintetica_v1,True,P0208,2024/25,SQ07,11,629,0,0,0.0,0.0,6.75,0
fixture_sintetica_v1,True,P0208,2025/26,SQ07,9,643,0,0,0.0,0.0,6.73,0
fixture_sintetica_v1,True,P0209,2024/25,SQ07,21,1727,4,1,3.58,0.83,6.67,0
fixture_sintetica_v1,True,P0209,2025/26,SQ07,20,906,5,0,4.3,0.0,6.56,0
fixture_sintetica_v1,True,P0210,2024/25,SQ02,24,1788,0,0,0.0,0.0,6.85,0
fixture_sintetica_v1,True,P0210,2025/26,SQ07,11,825,1,3,0.82,3.54,7.1,0
fixture_sintetica_v1,True,P0211,2024/25,SQ08,27,1748,0,0,0.0,0.0,7.43,0
fixture_sintetica_v1,True,P0211,2025/26,SQ08,29,2558,0,0,0.0,0.0,7.76,0
fixture_sintetica_v1,True,P0212,2024/25,SQ08,23,1272,0,0,0.0,0.0,7.83,0
fixture_sintetica_v1,True,P0212,2025/26,SQ08,23,1502,0,0,0.0,0.0,7.33,0
fixture_sintetica_v1,True,P0213,2024/25,SQ08,26,1746,0,0,0.0,0.0,7.39,0
fixture_sintetica_v1,True,P0213,2025/26,SQ08,20,1527,0,0,0.0,0.0,7.4,0
fixture_sintetica_v1,True,P0214,2024/25,SQ18,19,1081,0,0,0.0,0.0,7.1,0
fixture_sintetica_v1,True,P0214,2025/26,SQ08,21,1790,0,0,0.0,0.0,6.48,0
fixture_sintetica_v1,True,P0215,2024/25,SQ08,22,1409,0,1,0.0,1.19,7.05,0
fixture_sintetica_v1,True,P0215,2025/26,SQ08,16,1081,0,0,0.0,0.0,6.95,0
fixture_sintetica_v1,True,P0216,2024/25,SQ08,17,978,0,0,0.0,0.0,6.71,0
fixture_sintetica_v1,True,P0216,2025/26,SQ08,18,1252,0,0,0.0,0.0,6.22,0
fixture_sintetica_v1,True,P0217,2024/25,SQ14,8,494,0,0,0.0,0.0,6.88,0
fixture_sintetica_v1,True,P0217,2025/26,SQ08,8,365,0,0,0.0,0.0,7.13,0
fixture_sintetica_v1,True,P0218,2024/25,SQ08,18,1377,0,0,0.0,0.0,8.23,0
fixture_sintetica_v1,True,P0218,2025/26,SQ08,35,1776,1,0,0.95,0.0,8.41,0
fixture_sintetica_v1,True,P0219,2024/25,SQ08,5,241,0,0,0.0,0.0,6.53,0
fixture_sintetica_v1,True,P0219,2025/26,SQ08,6,464,0,0,0.0,0.0,6.42,0
fixture_sintetica_v1,True,P0220,2024/25,SQ08,8,451,0,1,0.0,1.13,7.13,0
fixture_sintetica_v1,True,P0220,2025/26,SQ08,7,459,0,0,0.0,0.0,7.04,0
fixture_sintetica_v1,True,P0221,2024/25,SQ08,12,560,0,0,0.0,0.0,6.95,0
fixture_sintetica_v1,True,P0221,2025/26,SQ08,25,1314,0,0,0.0,0.0,7.56,0
fixture_sintetica_v1,True,P0222,2024/25,SQ08,6,275,0,1,0.0,1.3,7.7,0
fixture_sintetica_v1,True,P0222,2025/26,SQ08,20,991,1,0,1.27,0.0,8.22,0
fixture_sintetica_v1,True,P0223,2024/25,SQ08,25,1335,1,0,0.86,0.0,7.21,0
fixture_sintetica_v1,True,P0223,2025/26,SQ08,13,1071,0,1,0.0,1.16,7.29,0
fixture_sintetica_v1,True,P0224,2024/25,SQ08,22,1777,0,3,0.0,3.29,6.98,0
fixture_sintetica_v1,True,P0224,2025/26,SQ08,12,611,0,1,0.0,1.29,7.15,0
fixture_sintetica_v1,True,P0225,2024/25,SQ08,10,842,1,0,1.12,0.0,7.58,0
fixture_sintetica_v1,True,P0225,2025/26,SQ08,5,300,1,0,0.89,0.0,7.73,0
fixture_sintetica_v1,True,P0226,2024/25,SQ08,16,1224,1,5,0.96,5.98,7.5,0
fixture_sintetica_v1,True,P0226,2025/26,SQ08,5,261,0,0,0.0,0.0,7.25,0
fixture_sintetica_v1,True,P0227,2024/25,SQ08,19,1276,1,2,1.25,2.56,6.33,0
fixture_sintetica_v1,True,P0227,2025/26,SQ08,7,433,0,0,0.0,0.0,6.43,0
fixture_sintetica_v1,True,P0228,2024/25,SQ08,7,529,0,1,0.0,0.91,6.63,0
fixture_sintetica_v1,True,P0228,2025/26,SQ08,4,218,0,0,0.0,0.0,6.69,0
fixture_sintetica_v1,True,P0229,2024/25,SQ08,5,391,1,1,1.06,0.92,6.69,0
fixture_sintetica_v1,True,P0229,2025/26,SQ08,5,313,0,0,0.0,0.0,6.93,0
fixture_sintetica_v1,True,P0230,2024/25,SQ08,14,897,0,2,0.0,1.77,6.62,0
fixture_sintetica_v1,True,P0230,2025/26,SQ08,18,1233,0,0,0.0,0.0,6.38,0
fixture_sintetica_v1,True,P0231,2024/25,SQ08,6,285,0,0,0.0,0.0,6.97,0
fixture_sintetica_v1,True,P0231,2025/26,SQ08,5,320,1,2,0.83,2.54,6.93,0
fixture_sintetica_v1,True,P0232,2024/25,SQ08,20,1014,0,1,0.0,1.22,7.1,0
fixture_sintetica_v1,True,P0232,2025/26,SQ08,4,250,0,0,0.0,0.0,7.18,0
fixture_sintetica_v1,True,P0233,2024/25,SQ08,28,1743,8,1,9.13,0.93,7.46,0
fixture_sintetica_v1,True,P0233,2025/26,SQ08,10,510,3,1,3.48,0.98,7.67,0
fixture_sintetica_v1,True,P0234,2024/25,SQ08,14,916,1,2,1.27,2.52,7.72,0
fixture_sintetica_v1,True,P0234,2025/26,SQ08,26,1867,4,3,3.93,3.85,7.7,0
fixture_sintetica_v1,True,P0235,2024/25,SQ08,26,1931,7,4,7.45,4.46,7.31,0
fixture_sintetica_v1,True,P0235,2025/26,SQ08,28,1510,7,5,5.95,5.61,8.01,0
fixture_sintetica_v1,True,P0236,2024/25,SQ08,18,958,3,0,2.97,0.0,7.27,0
fixture_sintetica_v1,True,P0236,2025/26,SQ08,8,596,1,0,1.23,0.0,7.4,0
fixture_sintetica_v1,True,P0237,2024/25,SQ08,6,374,0,0,0.0,0.0,6.53,0
fixture_sintetica_v1,True,P0237,2025/26,SQ08,13,800,1,2,0.85,2.33,5.96,0
fixture_sintetica_v1,True,P0238,2024/25,SQ08,14,1226,3,1,3.75,1.15,7.23,0
fixture_sintetica_v1,True,P0238,2025/26,SQ08,6,478,1,2,1.19,2.09,7.29,0
fixture_sintetica_v1,True,P0239,2024/25,SQ08,17,1309,2,3,1.74,3.44,7.47,0
fixture_sintetica_v1,True,P0239,2025/26,SQ08,22,1578,4,1,4.25,1.14,7.81,0
fixture_sintetica_v1,True,P0240,2024/25,SQ08,10,722,0,1,0.0,1.06,6.3,0
fixture_sintetica_v1,True,P0240,2025/26,SQ08,16,987,1,0,1.2,0.0,6.63,0
fixture_sintetica_v1,True,P0241,2024/25,SQ09,10,597,0,0,0.0,0.0,7.28,0
fixture_sintetica_v1,True,P0241,2025/26,SQ09,22,1382,0,0,0.0,0.0,7.67,0
fixture_sintetica_v1,True,P0242,2024/25,SQ09,9,595,0,0,0.0,0.0,6.95,0
fixture_sintetica_v1,True,P0242,2025/26,SQ09,21,1716,0,0,0.0,0.0,6.88,0
fixture_sintetica_v1,True,P0243,2024/25,SQ09,5,260,0,0,0.0,0.0,7.56,0
fixture_sintetica_v1,True,P0243,2025/26,SQ09,23,1114,0,0,0.0,0.0,7.76,0
fixture_sintetica_v1,True,P0244,2024/25,SQ09,4,277,0,0,0.0,0.0,7.41,0
fixture_sintetica_v1,True,P0244,2025/26,SQ09,4,210,0,0,0.0,0.0,7.65,0
fixture_sintetica_v1,True,P0245,2024/25,SQ09,28,2013,0,0,0.0,0.0,7.24,0
fixture_sintetica_v1,True,P0245,2025/26,SQ09,6,494,0,0,0.0,0.0,7.26,0
fixture_sintetica_v1,True,P0246,2024/25,SQ09,8,408,1,0,1.17,0.0,6.3,0
fixture_sintetica_v1,True,P0246,2025/26,SQ09,5,292,0,0,0.0,0.0,6.84,0
fixture_sintetica_v1,True,P0247,2024/25,SQ09,14,1173,0,2,0.0,1.6,6.94,0
fixture_sintetica_v1,True,P0247,2025/26,SQ09,7,392,0,0,0.0,0.0,7.04,0
fixture_sintetica_v1,True,P0248,2024/25,SQ09,22,1863,0,0,0.0,0.0,6.99,0
fixture_sintetica_v1,True,P0248,2025/26,SQ09,11,783,1,0,1.14,0.0,7.31,0
fixture_sintetica_v1,True,P0249,2024/25,SQ09,12,748,0,1,0.0,1.3,6.62,0
fixture_sintetica_v1,True,P0249,2025/26,SQ09,16,1069,0,0,0.0,0.0,7.27,0
fixture_sintetica_v1,True,P0250,2024/25,SQ09,7,359,0,1,0.0,1.13,6.67,0
fixture_sintetica_v1,True,P0250,2025/26,SQ09,17,1179,0,0,0.0,0.0,7.04,0
fixture_sintetica_v1,True,P0251,2024/25,SQ09,10,637,0,0,0.0,0.0,5.98,0
fixture_sintetica_v1,True,P0251,2025/26,SQ09,15,754,0,0,0.0,0.0,6.18,0
fixture_sintetica_v1,True,P0252,2024/25,SQ09,22,1046,0,0,0.0,0.0,6.73,0
fixture_sintetica_v1,True,P0252,2025/26,SQ09,14,1098,0,0,0.0,0.0,7.35,0
fixture_sintetica_v1,True,P0253,2024/25,SQ09,3,247,0,0,0.0,0.0,6.99,0
fixture_sintetica_v1,True,P0253,2025/26,SQ09,12,975,0,0,0.0,0.0,6.74,0
fixture_sintetica_v1,True,P0254,2024/25,SQ09,19,1329,0,1,0.0,1.17,7.98,0
fixture_sintetica_v1,True,P0254,2025/26,SQ09,28,2293,1,3,1.21,2.87,7.9,0
fixture_sintetica_v1,True,P0255,2024/25,SQ09,22,1183,4,3,4.44,3.46,7.81,0
fixture_sintetica_v1,True,P0255,2025/26,SQ09,30,2668,2,4,2.02,5.07,7.71,0
fixture_sintetica_v1,True,P0256,2024/25,SQ09,13,924,0,1,0.0,1.07,7.11,0
fixture_sintetica_v1,True,P0256,2025/26,SQ09,13,850,1,0,1.18,0.0,7.06,0
fixture_sintetica_v1,True,P0257,2024/25,SQ09,5,439,0,1,0.0,1.13,6.5,0
fixture_sintetica_v1,True,P0257,2025/26,SQ09,20,1450,1,0,0.93,0.0,6.88,0
fixture_sintetica_v1,True,P0258,2024/25,SQ20,4,215,0,0,0.0,0.0,6.54,0
fixture_sintetica_v1,True,P0258,2025/26,SQ09,10,807,1,1,0.89,1.19,6.94,0
fixture_sintetica_v1,True,P0259,2024/25,SQ09,14,1098,0,0,0.0,0.0,6.68,0
fixture_sintetica_v1,True,P0259,2025/26,SQ09,6,516,1,0,0.81,0.0,6.7,0
fixture_sintetica_v1,True,P0260,2024/25,SQ09,13,966,0,0,0.0,0.0,7.42,0
fixture_sintetica_v1,True,P0260,2025/26,SQ09,15,959,1,1,1.19,1.29,7.01,0
fixture_sintetica_v1,True,P0261,2024/25,SQ09,15,754,0,3,0.0,2.53,7.1,0
fixture_sintetica_v1,True,P0261,2025/26,SQ09,4,284,0,0,0.0,0.0,7.44,0
fixture_sintetica_v1,True,P0262,2024/25,SQ09,5,227,0,0,0.0,0.0,7.77,0
fixture_sintetica_v1,True,P0262,2025/26,SQ09,20,1150,1,2,1.12,1.62,7.41,0
fixture_sintetica_v1,True,P0263,2024/25,SQ09,9,495,3,0,3.8,0.0,8.04,2
fixture_sintetica_v1,True,P0263,2025/26,SQ09,34,2387,18,5,16.74,4.87,8.44,0
fixture_sintetica_v1,True,P0264,2024/25,SQ09,5,378,1,0,1.19,0.0,7.29,0
fixture_sintetica_v1,True,P0264,2025/26,SQ09,5,433,0,0,0.0,0.0,6.78,0
fixture_sintetica_v1,True,P0265,2024/25,SQ09,7,493,0,0,0.0,0.0,6.39,0
fixture_sintetica_v1,True,P0265,2025/26,SQ09,5,283,1,0,1.19,0.0,5.97,0
fixture_sintetica_v1,True,P0266,2024/25,SQ09,10,602,2,1,1.8,1.17,6.62,0
fixture_sintetica_v1,True,P0266,2025/26,SQ09,8,371,1,1,1.1,1.08,7.03,0
fixture_sintetica_v1,True,P0267,2024/25,SQ09,3,137,0,0,0.0,0.0,6.92,0
fixture_sintetica_v1,True,P0267,2025/26,SQ09,4,315,0,0,0.0,0.0,6.51,0
fixture_sintetica_v1,True,P0268,2024/25,SQ09,16,1344,4,1,3.97,1.04,7.55,0
fixture_sintetica_v1,True,P0268,2025/26,SQ09,15,1240,6,0,6.17,0.0,7.31,0
fixture_sintetica_v1,True,P0269,2024/25,SQ09,20,1007,8,4,6.59,3.4,7.89,0
fixture_sintetica_v1,True,P0269,2025/26,SQ09,22,1746,5,1,5.68,1.1,7.29,0
fixture_sintetica_v1,True,P0270,2024/25,SQ09,14,1161,1,0,1.22,0.0,6.48,0
fixture_sintetica_v1,True,P0270,2025/26,SQ09,5,264,0,0,0.0,0.0,6.3,0
fixture_sintetica_v1,True,P0271,2024/25,SQ10,21,1613,0,0,0.0,0.0,6.93,0
fixture_sintetica_v1,True,P0271,2025/26,SQ10,13,1001,0,0,0.0,0.0,6.59,0
fixture_sintetica_v1,True,P0272,2024/25,SQ03,10,699,0,0,0.0,0.0,7.29,0
fixture_sintetica_v1,True,P0272,2025/26,SQ10,14,1187,0,0,0.0,0.0,7.22,0
fixture_sintetica_v1,True,P0273,2024/25,SQ10,21,1252,0,0,0.0,0.0,6.79,0
fixture_sintetica_v1,True,P0273,2025/26,SQ10,20,1660,0,0,0.0,0.0,6.37,0
fixture_sintetica_v1,True,P0274,2024/25,SQ10,12,544,0,0,0.0,0.0,6.73,0
fixture_sintetica_v1,True,P0274,2025/26,SQ10,11,790,0,0,0.0,0.0,7.17,0
fixture_sintetica_v1,True,P0275,2024/25,SQ10,5,353,0,0,0.0,0.0,7.49,0
fixture_sintetica_v1,True,P0275,2025/26,SQ10,23,1179,0,0,0.0,0.0,7.5,0
fixture_sintetica_v1,True,P0276,2024/25,SQ10,27,1873,0,0,0.0,0.0,8.05,0
fixture_sintetica_v1,True,P0276,2025/26,SQ10,14,752,0,1,0.0,1.22,7.42,0
fixture_sintetica_v1,True,P0277,2024/25,SQ10,17,1484,2,0,2.52,0.0,7.85,0
fixture_sintetica_v1,True,P0277,2025/26,SQ10,10,582,0,0,0.0,0.0,7.56,0
fixture_sintetica_v1,True,P0278,2024/25,SQ10,15,937,0,1,0.0,0.81,7.41,0
fixture_sintetica_v1,True,P0278,2025/26,SQ10,8,552,0,0,0.0,0.0,7.47,0
fixture_sintetica_v1,True,P0279,2024/25,SQ10,13,722,0,1,0.0,0.82,7.59,0
fixture_sintetica_v1,True,P0279,2025/26,SQ10,9,513,0,0,0.0,0.0,7.48,0
fixture_sintetica_v1,True,P0280,2024/25,SQ10,24,1810,0,1,0.0,1.07,7.37,0
fixture_sintetica_v1,True,P0280,2025/26,SQ10,8,613,0,0,0.0,0.0,8.02,0
fixture_sintetica_v1,True,P0281,2024/25,SQ10,22,1585,1,1,0.93,1.19,7.07,0
fixture_sintetica_v1,True,P0281,2025/26,SQ10,20,1489,1,0,1.07,0.0,6.81,0
fixture_sintetica_v1,True,P0282,2024/25,SQ10,6,398,0,0,0.0,0.0,6.61,0
fixture_sintetica_v1,True,P0282,2025/26,SQ10,11,817,1,0,1.25,0.0,6.76,0
fixture_sintetica_v1,True,P0283,2024/25,SQ10,21,946,0,0,0.0,0.0,7.3,0
fixture_sintetica_v1,True,P0283,2025/26,SQ10,25,2123,0,0,0.0,0.0,7.64,0
fixture_sintetica_v1,True,P0284,2024/25,SQ10,3,267,0,0,0.0,0.0,6.56,0
fixture_sintetica_v1,True,P0284,2025/26,SQ10,17,1324,0,0,0.0,0.0,6.76,0
fixture_sintetica_v1,True,P0285,2024/25,SQ10,32,1489,2,6,2.04,7.68,7.82,0
fixture_sintetica_v1,True,P0285,2025/26,SQ10,32,2769,2,6,1.64,6.34,8.22,0
fixture_sintetica_v1,True,P0286,2024/25,SQ10,4,260,0,0,0.0,0.0,7.34,0
fixture_sintetica_v1,True,P0286,2025/26,SQ10,22,1121,4,2,4.57,2.59,7.3,0
fixture_sintetica_v1,True,P0287,2024/25,SQ10,15,859,0,0,0.0,0.0,7.59,0
fixture_sintetica_v1,True,P0287,2025/26,SQ10,7,468,0,3,0.0,2.53,7.51,0
fixture_sintetica_v1,True,P0288,2024/25,SQ10,15,1071,0,0,0.0,0.0,6.3,0
fixture_sintetica_v1,True,P0288,2025/26,SQ10,7,550,0,0,0.0,0.0,6.14,0
fixture_sintetica_v1,True,P0289,2024/25,SQ17,8,538,1,0,0.81,0.0,7.83,0
fixture_sintetica_v1,True,P0289,2025/26,SQ10,13,627,1,1,1.27,1.26,7.66,0
fixture_sintetica_v1,True,P0290,2024/25,SQ10,22,1913,0,1,0.0,0.93,7.16,0
fixture_sintetica_v1,True,P0290,2025/26,SQ10,7,391,0,0,0.0,0.0,7.12,0
fixture_sintetica_v1,True,P0291,2024/25,SQ19,2,128,0,0,0.0,0.0,6.36,0
fixture_sintetica_v1,True,P0291,2025/26,SQ10,11,935,1,1,0.88,1.19,6.31,0
fixture_sintetica_v1,True,P0292,2024/25,SQ10,18,987,5,2,6.32,2.44,7.92,0
fixture_sintetica_v1,True,P0292,2025/26,SQ10,11,695,1,0,1.15,0.0,8.06,5
fixture_sintetica_v1,True,P0293,2024/25,SQ10,12,709,4,0,3.66,0.0,7.79,0
fixture_sintetica_v1,True,P0293,2025/26,SQ10,16,1254,3,2,2.7,2.32,7.69,0
fixture_sintetica_v1,True,P0294,2024/25,SQ06,17,1430,5,1,5.88,0.98,7.38,0
fixture_sintetica_v1,True,P0294,2025/26,SQ10,10,644,3,0,2.84,0.0,7.66,0
fixture_sintetica_v1,True,P0295,2024/25,SQ10,4,320,0,1,0.0,1.2,6.94,0
fixture_sintetica_v1,True,P0295,2025/26,SQ10,15,953,3,1,2.88,0.82,6.89,0
fixture_sintetica_v1,True,P0296,2024/25,SQ10,17,1518,3,4,3.2,4.12,7.62,0
fixture_sintetica_v1,True,P0296,2025/26,SQ10,7,412,2,0,2.41,0.0,7.59,0
fixture_sintetica_v1,True,P0297,2024/25,SQ10,12,938,0,0,0.0,0.0,6.71,0
fixture_sintetica_v1,True,P0297,2025/26,SQ10,11,663,2,1,2.42,1.24,7.17,0
fixture_sintetica_v1,True,P0298,2024/25,SQ10,25,2232,6,1,7.17,1.06,7.58,0
fixture_sintetica_v1,True,P0298,2025/26,SQ10,24,1632,6,3,6.84,3.55,7.63,0
fixture_sintetica_v1,True,P0299,2024/25,SQ10,19,1433,5,4,5.57,3.91,7.5,0
fixture_sintetica_v1,True,P0299,2025/26,SQ10,28,1984,3,4,2.58,4.69,7.55,0
fixture_sintetica_v1,True,P0300,2024/25,SQ10,25,2164,4,2,4.69,2.59,7.78,0
fixture_sintetica_v1,True,P0300,2025/26,SQ10,4,360,0,0,0.0,0.0,7.66,0
fixture_sintetica_v1,True,P0301,2024/25,SQ11,10,641,0,0,0.0,0.0,6.74,0
fixture_sintetica_v1,True,P0301,2025/26,SQ11,4,249,0,0,0.0,0.0,6.56,0
fixture_sintetica_v1,True,P0302,2024/25,SQ11,22,1794,0,0,0.0,0.0,6.6,0
fixture_sintetica_v1,True,P0302,2025/26,SQ11,8,538,0,0,0.0,0.0,7.1,0
fixture_sintetica_v1,True,P0303,2024/25,SQ11,9,423,0,0,0.0,0.0,5.93,0
fixture_sintetica_v1,True,P0303,2025/26,SQ11,3,264,0,0,0.0,0.0,6.04,0
fixture_sintetica_v1,True,P0304,2024/25,SQ03,11,513,0,0,0.0,0.0,6.87,0
fixture_sintetica_v1,True,P0304,2025/26,SQ11,5,272,0,0,0.0,0.0,6.64,0
fixture_sintetica_v1,True,P0305,2024/25,SQ11,8,504,0,0,0.0,0.0,7.26,0
fixture_sintetica_v1,True,P0305,2025/26,SQ11,19,1163,0,0,0.0,0.0,7.15,0
fixture_sintetica_v1,True,P0306,2024/25,SQ11,11,638,0,0,0.0,0.0,7.54,0
fixture_sintetica_v1,True,P0306,2025/26,SQ11,8,564,0,0,0.0,0.0,7.62,0
fixture_sintetica_v1,True,P0307,2024/25,SQ11,17,1486,0,0,0.0,0.0,6.38,0
fixture_sintetica_v1,True,P0307,2025/26,SQ11,7,582,0,0,0.0,0.0,6.29,0
fixture_sintetica_v1,True,P0308,2024/25,SQ11,6,480,0,0,0.0,0.0,6.85,0
fixture_sintetica_v1,True,P0308,2025/26,SQ11,9,739,0,0,0.0,0.0,7.37,0
fixture_sintetica_v1,True,P0309,2024/25,SQ11,10,638,0,0,0.0,0.0,6.63,0
fixture_sintetica_v1,True,P0309,2025/26,SQ11,19,1361,0,0,0.0,0.0,6.15,0
fixture_sintetica_v1,True,P0310,2024/25,SQ11,8,709,0,0,0.0,0.0,6.52,0
fixture_sintetica_v1,True,P0310,2025/26,SQ11,8,719,1,0,1.0,0.0,6.54,0
fixture_sintetica_v1,True,P0311,2024/25,SQ11,13,953,0,0,0.0,0.0,6.51,0
fixture_sintetica_v1,True,P0311,2025/26,SQ11,20,1675,0,1,0.0,1.2,6.39,0
fixture_sintetica_v1,True,P0312,2024/25,SQ11,16,1315,0,0,0.0,0.0,6.81,0
fixture_sintetica_v1,True,P0312,2025/26,SQ11,21,1193,0,0,0.0,0.0,6.4,0
fixture_sintetica_v1,True,P0313,2024/25,SQ11,12,1023,0,0,0.0,0.0,7.71,0
fixture_sintetica_v1,True,P0313,2025/26,SQ11,20,1258,0,1,0.0,1.1,7.51,0
fixture_sintetica_v1,True,P0314,2024/25,SQ01,24,1647,1,2,1.1,1.68,7.07,0
fixture_sintetica_v1,True,P0314,2025/26,SQ11,8,569,0,0,0.0,0.0,7.64,0
fixture_sintetica_v1,True,P0315,2024/25,SQ11,23,1709,0,1,0.0,1.01,6.79,0
fixture_sintetica_v1,True,P0315,2025/26,SQ11,7,468,0,0,0.0,0.0,7.12,0
fixture_sintetica_v1,True,P0316,2024/25,SQ11,17,1460,0,1,0.0,1.24,7.75,0
fixture_sintetica_v1,True,P0316,2025/26,SQ11,24,1607,1,3,0.84,3.26,7.29,0
fixture_sintetica_v1,True,P0317,2024/25,SQ11,27,1571,1,4,1.16,4.24,8.03,0
fixture_sintetica_v1,True,P0317,2025/26,SQ11,12,1061,1,1,1.29,1.26,7.85,0
fixture_sintetica_v1,True,P0318,2024/25,SQ11,16,787,1,0,0.9,0.0,6.25,0
fixture_sintetica_v1,True,P0318,2025/26,SQ11,7,413,1,0,1.26,0.0,6.88,0
fixture_sintetica_v1,True,P0319,2024/25,SQ11,22,1629,0,1,0.0,0.97,7.23,0
fixture_sintetica_v1,True,P0319,2025/26,SQ11,18,1027,1,1,1.12,1.18,7.37,0
fixture_sintetica_v1,True,P0320,2024/25,SQ11,19,1641,3,0,3.46,0.0,8.52,0
fixture_sintetica_v1,True,P0320,2025/26,SQ11,14,1013,1,2,0.92,1.65,7.99,0
fixture_sintetica_v1,True,P0321,2024/25,SQ11,18,888,2,0,2.48,0.0,7.24,0
fixture_sintetica_v1,True,P0321,2025/26,SQ11,6,447,0,1,0.0,1.14,7.03,0
fixture_sintetica_v1,True,P0322,2024/25,SQ11,7,550,0,0,0.0,0.0,6.64,0
fixture_sintetica_v1,True,P0322,2025/26,SQ11,9,694,1,1,1.29,0.92,6.52,0
fixture_sintetica_v1,True,P0323,2024/25,SQ11,8,606,1,0,1.06,0.0,7.71,0
fixture_sintetica_v1,True,P0323,2025/26,SQ11,11,722,3,0,3.24,0.0,7.52,0
fixture_sintetica_v1,True,P0324,2024/25,SQ11,18,1098,2,1,2.42,0.88,6.98,0
fixture_sintetica_v1,True,P0324,2025/26,SQ11,17,1311,2,0,2.56,0.0,7.23,0
fixture_sintetica_v1,True,P0325,2024/25,SQ11,5,445,2,0,2.55,0.0,7.07,0
fixture_sintetica_v1,True,P0325,2025/26,SQ11,12,567,3,0,3.24,0.0,7.07,0
fixture_sintetica_v1,True,P0326,2024/25,SQ11,4,227,0,0,0.0,0.0,6.69,0
fixture_sintetica_v1,True,P0326,2025/26,SQ11,7,594,0,0,0.0,0.0,6.64,0
fixture_sintetica_v1,True,P0327,2024/25,SQ11,11,767,0,0,0.0,0.0,6.89,0
fixture_sintetica_v1,True,P0327,2025/26,SQ11,12,542,0,1,0.0,1.03,6.83,0
fixture_sintetica_v1,True,P0328,2024/25,SQ11,14,1108,1,1,0.97,1.24,5.94,0
fixture_sintetica_v1,True,P0328,2025/26,SQ11,6,455,0,0,0.0,0.0,6.52,0
fixture_sintetica_v1,True,P0329,2024/25,SQ11,15,1242,2,1,1.74,0.89,7.35,0
fixture_sintetica_v1,True,P0329,2025/26,SQ11,8,519,2,1,1.72,1.29,7.2,0
fixture_sintetica_v1,True,P0330,2024/25,SQ11,11,536,1,0,1.28,0.0,6.52,0
fixture_sintetica_v1,True,P0330,2025/26,SQ11,11,770,0,0,0.0,0.0,6.13,0
fixture_sintetica_v1,True,P0331,2024/25,SQ12,11,845,0,0,0.0,0.0,6.16,0
fixture_sintetica_v1,True,P0331,2025/26,SQ12,4,257,0,0,0.0,0.0,6.05,0
fixture_sintetica_v1,True,P0332,2024/25,SQ13,6,277,0,0,0.0,0.0,7.56,0
fixture_sintetica_v1,True,P0332,2025/26,SQ12,20,1369,0,0,0.0,0.0,7.29,0
fixture_sintetica_v1,True,P0333,2024/25,SQ12,19,1441,0,0,0.0,0.0,6.63,0
fixture_sintetica_v1,True,P0333,2025/26,SQ12,20,1694,0,0,0.0,0.0,6.8,0
fixture_sintetica_v1,True,P0334,2024/25,SQ12,33,1933,0,0,0.0,0.0,7.69,0
fixture_sintetica_v1,True,P0334,2025/26,SQ12,27,2364,0,0,0.0,0.0,8.04,0
fixture_sintetica_v1,True,P0335,2024/25,SQ12,32,1680,1,0,1.15,0.0,7.66,0
fixture_sintetica_v1,True,P0335,2025/26,SQ12,20,1110,0,0,0.0,0.0,8.0,0
fixture_sintetica_v1,True,P0336,2024/25,SQ12,13,998,0,0,0.0,0.0,6.15,0
fixture_sintetica_v1,True,P0336,2025/26,SQ12,3,229,0,0,0.0,0.0,6.12,0
fixture_sintetica_v1,True,P0337,2024/25,SQ12,21,953,0,0,0.0,0.0,6.74,0
fixture_sintetica_v1,True,P0337,2025/26,SQ12,17,1231,0,0,0.0,0.0,6.51,0
fixture_sintetica_v1,True,P0338,2024/25,SQ14,22,1151,1,0,0.85,0.0,7.41,0
fixture_sintetica_v1,True,P0338,2025/26,SQ12,16,781,1,0,1.09,0.0,7.44,0
fixture_sintetica_v1,True,P0339,2024/25,SQ12,12,761,0,0,0.0,0.0,7.51,0
fixture_sintetica_v1,True,P0339,2025/26,SQ12,24,1405,0,0,0.0,0.0,7.0,0
fixture_sintetica_v1,True,P0340,2024/25,SQ12,15,735,0,0,0.0,0.0,6.38,0
fixture_sintetica_v1,True,P0340,2025/26,SQ12,6,472,0,0,0.0,0.0,6.33,0
fixture_sintetica_v1,True,P0341,2024/25,SQ12,22,1749,0,0,0.0,0.0,7.37,0
fixture_sintetica_v1,True,P0341,2025/26,SQ12,13,769,0,1,0.0,1.17,7.53,0
fixture_sintetica_v1,True,P0342,2024/25,SQ12,17,1238,0,0,0.0,0.0,7.27,0
fixture_sintetica_v1,True,P0342,2025/26,SQ12,27,2122,0,0,0.0,0.0,7.24,0
fixture_sintetica_v1,True,P0343,2024/25,SQ12,20,1415,0,0,0.0,0.0,7.09,0
fixture_sintetica_v1,True,P0343,2025/26,SQ12,18,891,0,0,0.0,0.0,7.44,0
fixture_sintetica_v1,True,P0344,2024/25,SQ12,12,972,0,3,0.0,3.35,8.33,0
fixture_sintetica_v1,True,P0344,2025/26,SQ12,8,408,2,0,1.69,0.0,8.32,0
fixture_sintetica_v1,True,P0345,2024/25,SQ12,4,347,0,1,0.0,0.81,7.67,0
fixture_sintetica_v1,True,P0345,2025/26,SQ12,26,1478,2,4,2.11,3.61,7.14,0
fixture_sintetica_v1,True,P0346,2024/25,SQ12,27,1607,2,2,2.33,2.28,7.53,0
fixture_sintetica_v1,True,P0346,2025/26,SQ12,13,875,1,0,1.14,0.0,7.1,0
fixture_sintetica_v1,True,P0347,2024/25,SQ12,16,1268,1,3,0.88,3.78,7.53,0
fixture_sintetica_v1,True,P0347,2025/26,SQ12,25,2016,2,1,1.66,1.1,7.54,0
fixture_sintetica_v1,True,P0348,2024/25,SQ12,28,1453,2,2,2.17,1.87,7.55,0
fixture_sintetica_v1,True,P0348,2025/26,SQ12,24,1709,4,3,3.87,2.78,7.38,0
fixture_sintetica_v1,True,P0349,2024/25,SQ12,13,777,0,1,0.0,1.01,7.09,0
fixture_sintetica_v1,True,P0349,2025/26,SQ12,19,1678,2,5,1.98,5.43,7.42,0
fixture_sintetica_v1,True,P0350,2024/25,SQ12,29,1713,2,6,2.06,6.96,7.89,0
fixture_sintetica_v1,True,P0350,2025/26,SQ12,15,921,1,3,0.85,3.13,7.76,0
fixture_sintetica_v1,True,P0351,2024/25,SQ12,29,1820,2,3,2.08,3.5,7.49,0
fixture_sintetica_v1,True,P0351,2025/26,SQ12,17,1508,1,3,1.18,3.31,7.5,0
fixture_sintetica_v1,True,P0352,2024/25,SQ12,14,937,1,0,1.2,0.0,6.15,0
fixture_sintetica_v1,True,P0352,2025/26,SQ12,18,830,1,0,0.98,0.0,6.52,0
fixture_sintetica_v1,True,P0353,2024/25,SQ12,25,1803,8,3,9.29,3.08,8.07,0
fixture_sintetica_v1,True,P0353,2025/26,SQ12,28,1593,7,4,8.13,4.66,7.48,0
fixture_sintetica_v1,True,P0354,2024/25,SQ12,20,1738,2,2,2.19,1.83,7.84,4
fixture_sintetica_v1,True,P0354,2025/26,SQ12,5,416,0,1,0.0,0.96,7.73,0
fixture_sintetica_v1,True,P0355,2024/25,SQ12,4,249,0,0,0.0,0.0,7.13,0
fixture_sintetica_v1,True,P0355,2025/26,SQ12,19,1074,3,1,3.25,1.19,6.65,0
fixture_sintetica_v1,True,P0356,2024/25,SQ12,11,573,4,3,3.49,2.64,7.93,0
fixture_sintetica_v1,True,P0356,2025/26,SQ12,6,510,0,1,0.0,1.13,7.38,0
fixture_sintetica_v1,True,P0357,2024/25,SQ03,8,421,1,0,1.0,0.0,6.39,0
fixture_sintetica_v1,True,P0357,2025/26,SQ12,20,1202,3,2,3.35,1.97,6.64,0
fixture_sintetica_v1,True,P0358,2024/25,SQ12,12,693,1,0,1.26,0.0,6.67,0
fixture_sintetica_v1,True,P0358,2025/26,SQ12,12,966,0,0,0.0,0.0,7.23,0
fixture_sintetica_v1,True,P0359,2024/25,SQ12,21,1853,4,0,4.47,0.0,6.59,0
fixture_sintetica_v1,True,P0359,2025/26,SQ12,8,712,0,0,0.0,0.0,7.18,0
fixture_sintetica_v1,True,P0360,2024/25,SQ12,14,923,1,0,1.15,0.0,6.3,0
fixture_sintetica_v1,True,P0360,2025/26,SQ12,15,856,0,1,0.0,0.85,6.1,0
fixture_sintetica_v1,True,P0361,2024/25,SQ16,16,857,0,0,0.0,0.0,7.5,0
fixture_sintetica_v1,True,P0361,2025/26,SQ13,21,1016,0,0,0.0,0.0,7.11,0
fixture_sintetica_v1,True,P0362,2024/25,SQ13,12,734,0,0,0.0,0.0,6.96,0
fixture_sintetica_v1,True,P0362,2025/26,SQ13,5,436,0,0,0.0,0.0,6.21,0
fixture_sintetica_v1,True,P0363,2024/25,SQ10,22,1366,0,0,0.0,0.0,7.76,0
fixture_sintetica_v1,True,P0363,2025/26,SQ13,12,565,0,0,0.0,0.0,7.49,0
fixture_sintetica_v1,True,P0364,2024/25,SQ13,9,600,0,0,0.0,0.0,6.74,0
fixture_sintetica_v1,True,P0364,2025/26,SQ13,13,865,0,0,0.0,0.0,6.58,0
fixture_sintetica_v1,True,P0365,2024/25,SQ13,6,480,0,0,0.0,0.0,6.68,0
fixture_sintetica_v1,True,P0365,2025/26,SQ13,4,227,0,0,0.0,0.0,6.48,0
fixture_sintetica_v1,True,P0366,2024/25,SQ13,20,1337,0,0,0.0,0.0,6.87,0
fixture_sintetica_v1,True,P0366,2025/26,SQ13,20,1686,0,1,0.0,1.17,7.29,0
fixture_sintetica_v1,True,P0367,2024/25,SQ11,26,1707,1,1,1.0,0.97,7.61,0
fixture_sintetica_v1,True,P0367,2025/26,SQ13,10,467,0,0,0.0,0.0,7.29,0
fixture_sintetica_v1,True,P0368,2024/25,SQ13,15,886,0,0,0.0,0.0,6.4,0
fixture_sintetica_v1,True,P0368,2025/26,SQ13,5,400,1,0,0.99,0.0,6.55,0
fixture_sintetica_v1,True,P0369,2024/25,SQ13,24,1573,0,1,0.0,0.89,8.42,0
fixture_sintetica_v1,True,P0369,2025/26,SQ13,17,1392,1,1,0.83,1.21,8.06,0
fixture_sintetica_v1,True,P0370,2024/25,SQ13,30,2358,1,0,1.05,0.0,7.8,0
fixture_sintetica_v1,True,P0370,2025/26,SQ13,15,987,0,0,0.0,0.0,7.49,0
fixture_sintetica_v1,True,P0371,2024/25,SQ13,17,851,0,1,0.0,1.0,8.16,0
fixture_sintetica_v1,True,P0371,2025/26,SQ13,19,917,0,1,0.0,0.9,7.61,0
fixture_sintetica_v1,True,P0372,2024/25,SQ10,11,567,0,1,0.0,0.83,6.48,0
fixture_sintetica_v1,True,P0372,2025/26,SQ13,5,331,0,0,0.0,0.0,6.38,0
fixture_sintetica_v1,True,P0373,2024/25,SQ13,3,151,0,0,0.0,0.0,6.28,0
fixture_sintetica_v1,True,P0373,2025/26,SQ13,5,279,0,0,0.0,0.0,6.41,0
fixture_sintetica_v1,True,P0374,2024/25,SQ13,4,289,0,0,0.0,0.0,6.74,0
fixture_sintetica_v1,True,P0374,2025/26,SQ13,8,460,1,0,1.27,0.0,6.68,0
fixture_sintetica_v1,True,P0375,2024/25,SQ13,7,321,0,0,0.0,0.0,5.79,0
fixture_sintetica_v1,True,P0375,2025/26,SQ13,10,893,0,0,0.0,0.0,6.12,0
fixture_sintetica_v1,True,P0376,2024/25,SQ13,5,325,1,1,1.04,1.22,7.0,0
fixture_sintetica_v1,True,P0376,2025/26,SQ13,22,1296,0,1,0.0,0.89,7.27,0
fixture_sintetica_v1,True,P0377,2024/25,SQ13,4,273,0,0,0.0,0.0,7.46,0
fixture_sintetica_v1,True,P0377,2025/26,SQ13,23,1801,0,2,0.0,1.88,7.09,0
fixture_sintetica_v1,True,P0378,2024/25,SQ13,8,707,0,1,0.0,1.09,8.37,0
fixture_sintetica_v1,True,P0378,2025/26,SQ13,14,1025,1,2,1.03,2.56,7.71,0
fixture_sintetica_v1,True,P0379,2024/25,SQ13,3,204,0,0,0.0,0.0,7.03,0
fixture_sintetica_v1,True,P0379,2025/26,SQ13,11,967,0,1,0.0,0.95,7.33,0
fixture_sintetica_v1,True,P0380,2024/25,SQ13,9,686,0,0,0.0,0.0,6.56,0
fixture_sintetica_v1,True,P0380,2025/26,SQ13,15,1205,0,1,0.0,1.2,6.24,0
fixture_sintetica_v1,True,P0381,2024/25,SQ13,15,852,1,3,0.83,3.28,6.69,0
fixture_sintetica_v1,True,P0381,2025/26,SQ13,4,259,0,0,0.0,0.0,7.03,0
fixture_sintetica_v1,True,P0382,2024/25,SQ13,20,1448,0,2,0.0,2.34,6.81,0
fixture_sintetica_v1,True,P0382,2025/26,SQ13,21,1339,1,1,0.93,1.02,6.59,0
fixture_sintetica_v1,True,P0383,2024/25,SQ13,4,250,1,0,1.04,0.0,7.38,0
fixture_sintetica_v1,True,P0383,2025/26,SQ13,6,427,1,0,0.84,0.0,7.49,0
fixture_sintetica_v1,True,P0384,2024/25,SQ13,17,856,1,1,1.16,0.81,5.99,0
fixture_sintetica_v1,True,P0384,2025/26,SQ13,7,464,0,0,0.0,0.0,6.64,0
fixture_sintetica_v1,True,P0385,2024/25,SQ09,23,2057,3,2,2.85,2.32,7.21,0
fixture_sintetica_v1,True,P0385,2025/26,SQ13,17,792,2,0,2.42,0.0,7.08,0
fixture_sintetica_v1,True,P0386,2024/25,SQ13,16,1241,1,0,1.02,0.0,6.69,0
fixture_sintetica_v1,True,P0386,2025/26,SQ13,22,1939,2,2,1.78,2.05,6.99,0
fixture_sintetica_v1,True,P0387,2024/25,SQ13,7,505,0,0,0.0,0.0,6.79,0
fixture_sintetica_v1,True,P0387,2025/26,SQ13,19,1681,3,1,3.6,1.25,6.57,0
fixture_sintetica_v1,True,P0388,2024/25,SQ13,12,757,3,0,3.21,0.0,7.81,0
fixture_sintetica_v1,True,P0388,2025/26,SQ13,28,1826,7,1,6.05,1.2,7.68,0
fixture_sintetica_v1,True,P0389,2024/25,SQ05,6,413,1,0,0.81,0.0,6.71,0
fixture_sintetica_v1,True,P0389,2025/26,SQ13,8,482,0,0,0.0,0.0,6.77,0
fixture_sintetica_v1,True,P0390,2024/25,SQ05,21,1771,3,3,2.58,3.48,7.21,0
fixture_sintetica_v1,True,P0390,2025/26,SQ13,16,898,4,0,4.34,0.0,6.83,0
fixture_sintetica_v1,True,P0391,2024/25,SQ14,7,539,0,0,0.0,0.0,7.19,0
fixture_sintetica_v1,True,P0391,2025/26,SQ14,16,1423,0,0,0.0,0.0,7.62,0
fixture_sintetica_v1,True,P0392,2024/25,SQ14,9,522,0,0,0.0,0.0,6.37,0
fixture_sintetica_v1,True,P0392,2025/26,SQ14,7,443,0,0,0.0,0.0,5.99,0
fixture_sintetica_v1,True,P0393,2024/25,SQ14,8,406,0,0,0.0,0.0,6.8,0
fixture_sintetica_v1,True,P0393,2025/26,SQ14,9,551,0,0,0.0,0.0,7.08,0
fixture_sintetica_v1,True,P0394,2024/25,SQ14,32,1753,0,0,0.0,0.0,8.52,0
fixture_sintetica_v1,True,P0394,2025/26,SQ14,27,1287,0,0,0.0,0.0,8.65,0
fixture_sintetica_v1,True,P0395,2024/25,SQ14,19,1207,0,1,0.0,0.99,6.77,0
fixture_sintetica_v1,True,P0395,2025/26,SQ14,12,944,0,0,0.0,0.0,7.24,0
fixture_sintetica_v1,True,P0396,2024/25,SQ14,4,288,0,0,0.0,0.0,6.58,0
fixture_sintetica_v1,True,P0396,2025/26,SQ14,15,1192,0,0,0.0,0.0,6.62,0
fixture_sintetica_v1,True,P0397,2024/25,SQ14,15,1301,0,0,0.0,0.0,6.28,0
fixture_sintetica_v1,True,P0397,2025/26,SQ14,7,552,0,0,0.0,0.0,6.28,0
fixture_sintetica_v1,True,P0398,2024/25,SQ14,15,903,0,0,0.0,0.0,6.44,0
fixture_sintetica_v1,True,P0398,2025/26,SQ14,20,1241,0,0,0.0,0.0,7.09,0
fixture_sintetica_v1,True,P0399,2024/25,SQ16,19,1268,1,0,1.29,0.0,6.68,0
fixture_sintetica_v1,True,P0399,2025/26,SQ14,3,237,0,0,0.0,0.0,7.26,0
fixture_sintetica_v1,True,P0400,2024/25,SQ06,19,995,0,1,0.0,1.18,7.85,0
fixture_sintetica_v1,True,P0400,2025/26,SQ14,14,1255,1,0,1.15,0.0,7.86,0
fixture_sintetica_v1,True,P0401,2024/25,SQ14,18,1523,0,0,0.0,0.0,6.38,0
fixture_sintetica_v1,True,P0401,2025/26,SQ14,17,1287,0,0,0.0,0.0,6.4,0
fixture_sintetica_v1,True,P0402,2024/25,SQ14,18,1320,0,1,0.0,1.17,7.01,0
fixture_sintetica_v1,True,P0402,2025/26,SQ14,19,1200,1,0,1.13,0.0,6.65,0
fixture_sintetica_v1,True,P0403,2024/25,SQ14,17,777,0,0,0.0,0.0,6.4,0
fixture_sintetica_v1,True,P0403,2025/26,SQ14,17,1245,0,0,0.0,0.0,6.76,0
fixture_sintetica_v1,True,P0404,2024/25,SQ14,10,647,0,1,0.0,0.83,6.7,0
fixture_sintetica_v1,True,P0404,2025/26,SQ14,15,1074,0,2,0.0,2.06,7.09,0
fixture_sintetica_v1,True,P0405,2024/25,SQ08,10,502,0,2,0.0,2.14,8.08,0
fixture_sintetica_v1,True,P0405,2025/26,SQ14,19,1125,3,2,3.05,2.26,7.57,1
fixture_sintetica_v1,True,P0406,2024/25,SQ14,8,661,0,0,0.0,0.0,7.03,0
fixture_sintetica_v1,True,P0406,2025/26,SQ14,25,2034,2,1,2.1,1.16,7.1,0
fixture_sintetica_v1,True,P0407,2024/25,SQ14,16,1152,0,3,0.0,3.32,7.17,0
fixture_sintetica_v1,True,P0407,2025/26,SQ14,19,1327,1,1,1.14,1.11,6.68,0
fixture_sintetica_v1,True,P0408,2024/25,SQ14,9,423,0,0,0.0,0.0,6.64,0
fixture_sintetica_v1,True,P0408,2025/26,SQ14,13,840,0,0,0.0,0.0,6.45,0
fixture_sintetica_v1,True,P0409,2024/25,SQ14,15,1028,1,1,0.94,0.93,6.66,0
fixture_sintetica_v1,True,P0409,2025/26,SQ14,16,920,0,0,0.0,0.0,6.18,0
fixture_sintetica_v1,True,P0410,2024/25,SQ14,22,1737,0,4,0.0,4.19,7.25,0
fixture_sintetica_v1,True,P0410,2025/26,SQ14,16,777,2,1,2.31,0.96,7.74,0
fixture_sintetica_v1,True,P0411,2024/25,SQ14,22,1667,0,2,0.0,1.76,6.9,0
fixture_sintetica_v1,True,P0411,2025/26,SQ14,11,771,0,2,0.0,2.57,7.06,0
fixture_sintetica_v1,True,P0412,2024/25,SQ14,6,531,0,0,0.0,0.0,7.24,0
fixture_sintetica_v1,True,P0412,2025/26,SQ14,7,318,0,1,0.0,0.93,7.34,0
fixture_sintetica_v1,True,P0413,2024/25,SQ14,23,1617,6,0,5.9,0.0,7.36,0
fixture_sintetica_v1,True,P0413,2025/26,SQ14,8,639,1,1,1.21,1.22,6.83,0
fixture_sintetica_v1,True,P0414,2024/25,SQ14,4,235,0,0,0.0,0.0,6.12,0
fixture_sintetica_v1,True,P0414,2025/26,SQ14,11,690,1,0,1.29,0.0,6.37,0
fixture_sintetica_v1,True,P0415,2024/25,SQ14,8,603,1,0,1.04,0.0,6.22,0
fixture_sintetica_v1,True,P0415,2025/26,SQ14,14,690,1,0,1.27,0.0,6.92,0
fixture_sintetica_v1,True,P0416,2024/25,SQ14,8,536,0,0,0.0,0.0,7.41,0
fixture_sintetica_v1,True,P0416,2025/26,SQ14,10,650,2,1,2.41,0.94,7.6,0
fixture_sintetica_v1,True,P0417,2024/25,SQ05,11,593,1,1,1.15,1.22,6.3,0
fixture_sintetica_v1,True,P0417,2025/26,SQ14,9,614,0,0,0.0,0.0,6.55,0
fixture_sintetica_v1,True,P0418,2024/25,SQ14,23,1631,5,0,6.29,0.0,7.31,0
fixture_sintetica_v1,True,P0418,2025/26,SQ14,16,892,2,1,2.57,1.06,7.17,0
fixture_sintetica_v1,True,P0419,2024/25,SQ14,27,2194,7,2,6.06,2.55,7.5,0
fixture_sintetica_v1,True,P0419,2025/26,SQ14,8,368,0,2,0.0,2.52,6.99,0
fixture_sintetica_v1,True,P0420,2024/25,SQ14,15,1297,3,1,2.63,1.22,6.82,0
fixture_sintetica_v1,True,P0420,2025/26,SQ14,8,659,1,0,1.14,0.0,7.18,0
fixture_sintetica_v1,True,P0421,2024/25,SQ15,7,610,0,0,0.0,0.0,6.87,0
fixture_sintetica_v1,True,P0421,2025/26,SQ15,3,212,0,0,0.0,0.0,7.05,0
fixture_sintetica_v1,True,P0422,2024/25,SQ15,9,754,0,0,0.0,0.0,7.3,0
fixture_sintetica_v1,True,P0422,2025/26,SQ15,24,1601,0,0,0.0,0.0,7.84,0
fixture_sintetica_v1,True,P0423,2024/25,SQ04,26,2209,0,0,0.0,0.0,6.98,0
fixture_sintetica_v1,True,P0423,2025/26,SQ15,12,650,0,0,0.0,0.0,7.43,0
fixture_sintetica_v1,True,P0424,2024/25,SQ15,11,912,0,0,0.0,0.0,7.6,0
fixture_sintetica_v1,True,P0424,2025/26,SQ15,18,1169,0,0,0.0,0.0,7.3,0
fixture_sintetica_v1,True,P0425,2024/25,SQ15,23,1703,0,1,0.0,1.01,6.73,0
fixture_sintetica_v1,True,P0425,2025/26,SQ15,11,548,0,0,0.0,0.0,6.73,0
fixture_sintetica_v1,True,P0426,2024/25,SQ15,7,374,0,0,0.0,0.0,6.19,0
fixture_sintetica_v1,True,P0426,2025/26,SQ15,17,1236,0,0,0.0,0.0,6.63,0
fixture_sintetica_v1,True,P0427,2024/25,SQ11,15,869,0,0,0.0,0.0,6.91,0
fixture_sintetica_v1,True,P0427,2025/26,SQ15,5,227,0,0,0.0,0.0,6.6,0
fixture_sintetica_v1,True,P0428,2024/25,SQ15,9,478,0,0,0.0,0.0,7.85,0
fixture_sintetica_v1,True,P0428,2025/26,SQ15,8,424,0,0,0.0,0.0,7.46,0
fixture_sintetica_v1,True,P0429,2024/25,SQ15,13,1032,1,0,1.25,0.0,7.11,0
fixture_sintetica_v1,True,P0429,2025/26,SQ15,25,2047,0,0,0.0,0.0,7.39,0
fixture_sintetica_v1,True,P0430,2024/25,SQ15,12,619,0,1,0.0,0.8,7.61,0
fixture_sintetica_v1,True,P0430,2025/26,SQ15,5,421,0,0,0.0,0.0,7.2,0
fixture_sintetica_v1,True,P0431,2024/25,SQ15,6,529,0,0,0.0,0.0,6.61,0
fixture_sintetica_v1,True,P0431,2025/26,SQ15,7,327,0,0,0.0,0.0,6.6,0
fixture_sintetica_v1,True,P0432,2024/25,SQ15,19,1017,0,0,0.0,0.0,7.39,0
fixture_sintetica_v1,True,P0432,2025/26,SQ15,17,1191,0,0,0.0,0.0,7.41,0
fixture_sintetica_v1,True,P0433,2024/25,SQ15,21,997,0,1,0.0,1.09,7.47,0
fixture_sintetica_v1,True,P0433,2025/26,SQ15,19,1638,0,0,0.0,0.0,7.77,0
fixture_sintetica_v1,True,P0434,2024/25,SQ15,20,1246,1,3,1.0,2.91,7.0,0
fixture_sintetica_v1,True,P0434,2025/26,SQ15,21,1645,2,1,2.29,1.13,7.07,0
fixture_sintetica_v1,True,P0435,2024/25,SQ15,12,946,1,2,1.06,2.0,7.87,0
fixture_sintetica_v1,True,P0435,2025/26,SQ15,23,1187,1,0,1.27,0.0,8.08,0
fixture_sintetica_v1,True,P0436,2024/25,SQ15,13,810,0,1,0.0,0.82,7.23,0
fixture_sintetica_v1,True,P0436,2025/26,SQ15,4,301,0,0,0.0,0.0,6.83,0
fixture_sintetica_v1,True,P0437,2024/25,SQ15,15,1076,0,0,0.0,0.0,6.73,0
fixture_sintetica_v1,True,P0437,2025/26,SQ15,7,573,0,1,0.0,1.16,6.68,0
fixture_sintetica_v1,True,P0438,2024/25,SQ15,18,1549,1,1,0.95,0.85,7.11,0
fixture_sintetica_v1,True,P0438,2025/26,SQ15,26,1438,1,0,0.92,0.0,7.65,0
fixture_sintetica_v1,True,P0439,2024/25,SQ15,20,1559,2,1,1.91,1.05,6.78,0
fixture_sintetica_v1,True,P0439,2025/26,SQ15,10,497,3,1,3.3,0.98,7.21,0
fixture_sintetica_v1,True,P0440,2024/25,SQ15,25,1211,1,2,1.24,2.4,7.71,0
fixture_sintetica_v1,True,P0440,2025/26,SQ15,28,1394,2,2,2.38,2.28,7.31,0
fixture_sintetica_v1,True,P0441,2024/25,SQ15,26,2325,1,2,1.19,1.86,7.68,0
fixture_sintetica_v1,True,P0441,2025/26,SQ15,6,395,0,1,0.0,0.83,7.33,0
fixture_sintetica_v1,True,P0442,2024/25,SQ15,9,550,1,0,1.29,0.0,7.15,0
fixture_sintetica_v1,True,P0442,2025/26,SQ15,11,651,1,2,0.88,2.46,7.15,0
fixture_sintetica_v1,True,P0443,2024/25,SQ15,22,1545,4,3,4.22,2.45,6.86,0
fixture_sintetica_v1,True,P0443,2025/26,SQ15,11,927,1,0,0.94,0.0,7.18,0
fixture_sintetica_v1,True,P0444,2024/25,SQ15,11,710,1,1,1.17,1.1,7.19,0
fixture_sintetica_v1,True,P0444,2025/26,SQ15,5,413,0,0,0.0,0.0,7.72,0
fixture_sintetica_v1,True,P0445,2024/25,SQ16,6,286,0,0,0.0,0.0,6.68,0
fixture_sintetica_v1,True,P0445,2025/26,SQ15,15,854,2,0,2.08,0.0,6.81,0
fixture_sintetica_v1,True,P0446,2024/25,SQ15,6,467,2,0,2.13,0.0,7.74,0
fixture_sintetica_v1,True,P0446,2025/26,SQ15,24,1715,7,2,8.99,1.96,7.71,0
fixture_sintetica_v1,True,P0447,2024/25,SQ15,16,980,1,2,0.88,2.35,7.12,0
fixture_sintetica_v1,True,P0447,2025/26,SQ15,25,1516,1,3,0.89,2.77,7.03,0
fixture_sintetica_v1,True,P0448,2024/25,SQ15,26,1292,2,3,2.25,3.08,7.44,0
fixture_sintetica_v1,True,P0448,2025/26,SQ15,14,663,0,2,0.0,2.43,7.57,0
fixture_sintetica_v1,True,P0449,2024/25,SQ15,14,761,3,1,3.01,1.1,7.33,0
fixture_sintetica_v1,True,P0449,2025/26,SQ15,8,688,1,0,1.28,0.0,7.42,0
fixture_sintetica_v1,True,P0450,2024/25,SQ15,16,1287,0,1,0.0,1.16,6.24,0
fixture_sintetica_v1,True,P0450,2025/26,SQ15,10,613,0,0,0.0,0.0,6.55,0
fixture_sintetica_v1,True,P0451,2024/25,SQ16,9,516,0,0,0.0,0.0,6.72,0
fixture_sintetica_v1,True,P0451,2025/26,SQ16,11,951,0,0,0.0,0.0,6.91,0
fixture_sintetica_v1,True,P0452,2024/25,SQ13,6,367,0,0,0.0,0.0,7.06,0
fixture_sintetica_v1,True,P0452,2025/26,SQ16,19,974,0,0,0.0,0.0,6.95,0
fixture_sintetica_v1,True,P0453,2024/25,SQ16,13,1152,0,0,0.0,0.0,7.53,0
fixture_sintetica_v1,True,P0453,2025/26,SQ16,23,1209,0,0,0.0,0.0,7.6,0
fixture_sintetica_v1,True,P0454,2024/25,SQ16,25,1522,0,0,0.0,0.0,7.28,0
fixture_sintetica_v1,True,P0454,2025/26,SQ16,11,622,0,0,0.0,0.0,6.81,0
fixture_sintetica_v1,True,P0455,2024/25,SQ16,18,1271,0,0,0.0,0.0,7.32,0
fixture_sintetica_v1,True,P0455,2025/26,SQ16,5,226,0,0,0.0,0.0,6.86,0
fixture_sintetica_v1,True,P0456,2024/25,SQ16,18,932,0,1,0.0,0.81,7.91,0
fixture_sintetica_v1,True,P0456,2025/26,SQ16,11,847,0,0,0.0,0.0,7.96,0
fixture_sintetica_v1,True,P0457,2024/25,SQ16,5,434,0,0,0.0,0.0,7.16,0
fixture_sintetica_v1,True,P0457,2025/26,SQ16,7,344,0,0,0.0,0.0,7.07,0
fixture_sintetica_v1,True,P0458,2024/25,SQ16,6,274,0,0,0.0,0.0,7.01,0
fixture_sintetica_v1,True,P0458,2025/26,SQ16,3,244,0,0,0.0,0.0,7.09,0
fixture_sintetica_v1,True,P0459,2024/25,SQ16,5,445,0,1,0.0,1.12,7.12,0
fixture_sintetica_v1,True,P0459,2025/26,SQ16,7,530,0,0,0.0,0.0,7.61,0
fixture_sintetica_v1,True,P0460,2024/25,SQ16,14,970,0,0,0.0,0.0,7.47,0
fixture_sintetica_v1,True,P0460,2025/26,SQ16,27,1949,0,1,0.0,1.14,7.52,0
fixture_sintetica_v1,True,P0461,2024/25,SQ16,9,479,0,0,0.0,0.0,6.57,0
fixture_sintetica_v1,True,P0461,2025/26,SQ16,16,991,0,0,0.0,0.0,6.21,0
fixture_sintetica_v1,True,P0462,2024/25,SQ15,8,434,0,0,0.0,0.0,7.11,0
fixture_sintetica_v1,True,P0462,2025/26,SQ16,17,1320,0,0,0.0,0.0,6.94,0
fixture_sintetica_v1,True,P0463,2024/25,SQ16,4,242,1,0,0.83,0.0,6.7,0
fixture_sintetica_v1,True,P0463,2025/26,SQ16,14,661,0,0,0.0,0.0,6.32,0
fixture_sintetica_v1,True,P0464,2024/25,SQ16,21,982,3,3,3.15,3.44,7.8,0
fixture_sintetica_v1,True,P0464,2025/26,SQ16,6,502,1,1,1.18,0.82,8.13,0
fixture_sintetica_v1,True,P0465,2024/25,SQ16,26,1527,0,1,0.0,1.19,6.98,0
fixture_sintetica_v1,True,P0465,2025/26,SQ16,26,2184,0,0,0.0,0.0,7.57,0
fixture_sintetica_v1,True,P0466,2024/25,SQ11,8,537,0,0,0.0,0.0,6.97,0
fixture_sintetica_v1,True,P0466,2025/26,SQ16,18,1021,0,0,0.0,0.0,6.93,0
fixture_sintetica_v1,True,P0467,2024/25,SQ16,20,1693,3,0,2.46,0.0,7.52,0
fixture_sintetica_v1,True,P0467,2025/26,SQ16,20,1473,2,0,2.13,0.0,7.52,0
fixture_sintetica_v1,True,P0468,2024/25,SQ16,14,768,1,2,0.84,1.69,7.48,0
fixture_sintetica_v1,True,P0468,2025/26,SQ16,21,1304,1,1,1.03,1.1,7.76,0
fixture_sintetica_v1,True,P0469,2024/25,SQ08,6,400,0,0,0.0,0.0,6.36,0
fixture_sintetica_v1,True,P0469,2025/26,SQ16,15,904,1,2,1.2,1.8,7.03,0
fixture_sintetica_v1,True,P0470,2024/25,SQ16,11,753,0,0,0.0,0.0,6.81,0
fixture_sintetica_v1,True,P0470,2025/26,SQ16,4,213,1,0,0.83,0.0,7.03,0
fixture_sintetica_v1,True,P0471,2024/25,SQ16,16,1054,0,2,0.0,1.67,8.12,0
fixture_sintetica_v1,True,P0471,2025/26,SQ16,13,1044,0,0,0.0,0.0,7.81,0
fixture_sintetica_v1,True,P0472,2024/25,SQ16,9,675,0,0,0.0,0.0,6.25,0
fixture_sintetica_v1,True,P0472,2025/26,SQ16,9,641,0,1,0.0,0.99,6.61,0
fixture_sintetica_v1,True,P0473,2024/25,SQ16,11,872,0,0,0.0,0.0,6.03,0
fixture_sintetica_v1,True,P0473,2025/26,SQ16,9,678,1,0,1.23,0.0,6.45,0
fixture_sintetica_v1,True,P0474,2024/25,SQ16,13,616,1,1,0.84,0.9,7.32,0
fixture_sintetica_v1,True,P0474,2025/26,SQ16,8,454,4,0,4.17,0.0,7.44,0
fixture_sintetica_v1,True,P0475,2024/25,SQ16,10,707,4,1,3.42,1.0,8.16,0
fixture_sintetica_v1,True,P0475,2025/26,SQ16,7,575,1,2,0.9,2.34,7.77,0
fixture_sintetica_v1,True,P0476,2024/25,SQ16,16,1296,6,0,6.55,0.0,7.73,0
fixture_sintetica_v1,True,P0476,2025/26,SQ16,19,1336,4,1,3.6,1.17,7.47,0
fixture_sintetica_v1,True,P0477,2024/25,SQ16,13,988,3,0,2.65,0.0,7.16,0
fixture_sintetica_v1,True,P0477,2025/26,SQ16,9,594,3,0,3.79,0.0,6.6,0
fixture_sintetica_v1,True,P0478,2024/25,SQ16,15,875,2,1,1.96,1.27,6.98,0
fixture_sintetica_v1,True,P0478,2025/26,SQ16,20,1731,3,1,2.55,1.11,6.51,0
fixture_sintetica_v1,True,P0479,2024/25,SQ16,26,1397,3,4,2.71,4.21,7.45,0
fixture_sintetica_v1,True,P0479,2025/26,SQ16,28,2153,6,3,6.53,2.88,7.99,0
fixture_sintetica_v1,True,P0480,2024/25,SQ16,15,1056,0,1,0.0,1.01,6.54,0
fixture_sintetica_v1,True,P0480,2025/26,SQ16,10,654,2,0,1.81,0.0,6.62,0
fixture_sintetica_v1,True,P0481,2024/25,SQ17,18,1192,0,0,0.0,0.0,7.06,0
fixture_sintetica_v1,True,P0481,2025/26,SQ17,10,594,0,0,0.0,0.0,7.17,0
fixture_sintetica_v1,True,P0482,2024/25,SQ17,9,489,0,0,0.0,0.0,7.74,0
fixture_sintetica_v1,True,P0482,2025/26,SQ17,21,1803,0,0,0.0,0.0,7.28,0
fixture_sintetica_v1,True,P0483,2024/25,SQ17,25,1531,0,0,0.0,0.0,7.2,0
fixture_sintetica_v1,True,P0483,2025/26,SQ17,22,1623,0,0,0.0,0.0,6.85,0
fixture_sintetica_v1,True,P0484,2024/25,SQ17,14,733,0,0,0.0,0.0,7.62,0
fixture_sintetica_v1,True,P0484,2025/26,SQ17,19,1101,0,0,0.0,0.0,7.54,0
fixture_sintetica_v1,True,P0485,2024/25,SQ17,22,1678,2,0,1.83,0.0,6.87,0
fixture_sintetica_v1,True,P0485,2025/26,SQ17,23,2042,0,0,0.0,0.0,6.66,0
fixture_sintetica_v1,True,P0486,2024/25,SQ17,21,1810,2,1,1.89,1.08,7.13,0
fixture_sintetica_v1,True,P0486,2025/26,SQ17,6,323,0,0,0.0,0.0,7.1,0
fixture_sintetica_v1,True,P0487,2024/25,SQ17,7,535,0,0,0.0,0.0,7.88,0
fixture_sintetica_v1,True,P0487,2025/26,SQ17,16,1204,0,0,0.0,0.0,7.8,0
fixture_sintetica_v1,True,P0488,2024/25,SQ17,26,2237,0,0,0.0,0.0,7.42,0
fixture_sintetica_v1,True,P0488,2025/26,SQ17,11,721,0,1,0.0,0.83,7.58,0
fixture_sintetica_v1,True,P0489,2024/25,SQ17,5,318,0,0,0.0,0.0,6.76,0
fixture_sintetica_v1,True,P0489,2025/26,SQ17,18,1114,0,0,0.0,0.0,6.12,0
fixture_sintetica_v1,True,P0490,2024/25,SQ17,4,233,0,1,0.0,0.88,6.58,0
fixture_sintetica_v1,True,P0490,2025/26,SQ17,16,1057,0,0,0.0,0.0,6.26,0
fixture_sintetica_v1,True,P0491,2024/25,SQ17,27,1269,0,1,0.0,0.99,7.21,0
fixture_sintetica_v1,True,P0491,2025/26,SQ17,7,350,0,0,0.0,0.0,7.2,0
fixture_sintetica_v1,True,P0492,2024/25,SQ17,21,1565,0,0,0.0,0.0,7.85,0
fixture_sintetica_v1,True,P0492,2025/26,SQ17,8,665,0,0,0.0,0.0,7.71,0
fixture_sintetica_v1,True,P0493,2024/25,SQ14,19,1555,0,0,0.0,0.0,7.77,0
fixture_sintetica_v1,True,P0493,2025/26,SQ17,17,1085,0,2,0.0,2.02,7.52,0
fixture_sintetica_v1,True,P0494,2024/25,SQ05,10,833,0,0,0.0,0.0,7.14,0
fixture_sintetica_v1,True,P0494,2025/26,SQ17,23,1960,0,1,0.0,0.89,6.74,0
fixture_sintetica_v1,True,P0495,2024/25,SQ17,17,1530,0,0,0.0,0.0,7.04,0
fixture_sintetica_v1,True,P0495,2025/26,SQ17,12,898,0,2,0.0,2.08,6.97,0
fixture_sintetica_v1,True,P0496,2024/25,SQ17,10,510,0,1,0.0,1.02,6.8,0
fixture_sintetica_v1,True,P0496,2025/26,SQ17,8,443,1,0,1.13,0.0,7.03,0
fixture_sintetica_v1,True,P0497,2024/25,SQ17,16,896,0,0,0.0,0.0,6.28,0
fixture_sintetica_v1,True,P0497,2025/26,SQ17,16,844,0,0,0.0,0.0,6.24,0
fixture_sintetica_v1,True,P0498,2024/25,SQ17,5,420,0,1,0.0,1.12,6.61,0
fixture_sintetica_v1,True,P0498,2025/26,SQ17,20,1146,0,0,0.0,0.0,6.85,0
fixture_sintetica_v1,True,P0499,2024/25,SQ17,3,256,0,0,0.0,0.0,6.35,0
fixture_sintetica_v1,True,P0499,2025/26,SQ17,8,615,0,0,0.0,0.0,5.96,0
fixture_sintetica_v1,True,P0500,2024/25,SQ17,19,1610,0,0,0.0,0.0,7.19,0
fixture_sintetica_v1,True,P0500,2025/26,SQ17,23,1450,0,1,0.0,0.89,7.18,0
fixture_sintetica_v1,True,P0501,2024/25,SQ17,13,906,1,5,1.12,4.16,8.01,0
fixture_sintetica_v1,True,P0501,2025/26,SQ17,18,1350,0,1,0.0,0.94,7.83,6
fixture_sintetica_v1,True,P0502,2024/25,SQ17,6,419,1,0,0.86,0.0,7.26,0
fixture_sintetica_v1,True,P0502,2025/26,SQ17,16,1182,0,0,0.0,0.0,6.9,0
fixture_sintetica_v1,True,P0503,2024/25,SQ17,11,616,0,0,0.0,0.0,6.12,0
fixture_sintetica_v1,True,P0503,2025/26,SQ17,3,236,0,0,0.0,0.0,6.3,0
fixture_sintetica_v1,True,P0504,2024/25,SQ17,28,1830,5,4,5.85,4.14,8.16,0
fixture_sintetica_v1,True,P0504,2025/26,SQ17,11,959,2,2,2.09,2.23,7.88,0
fixture_sintetica_v1,True,P0505,2024/25,SQ17,13,696,1,3,0.88,3.31,7.33,0
fixture_sintetica_v1,True,P0505,2025/26,SQ17,19,878,3,2,3.23,1.6,6.71,0
fixture_sintetica_v1,True,P0506,2024/25,SQ17,9,656,0,0,0.0,0.0,7.43,0
fixture_sintetica_v1,True,P0506,2025/26,SQ17,26,1821,7,2,7.75,2.1,7.22,0
fixture_sintetica_v1,True,P0507,2024/25,SQ17,9,544,3,3,2.58,3.55,8.24,0
fixture_sintetica_v1,True,P0507,2025/26,SQ17,23,2038,7,1,8.3,1.24,8.12,0
fixture_sintetica_v1,True,P0508,2024/25,SQ17,16,1226,4,5,4.27,5.4,7.73,7
fixture_sintetica_v1,True,P0508,2025/26,SQ17,15,748,7,0,7.76,0.0,7.93,0
fixture_sintetica_v1,True,P0509,2024/25,SQ17,13,1108,2,0,2.48,0.0,7.52,0
fixture_sintetica_v1,True,P0509,2025/26,SQ17,16,903,1,1,1.16,1.22,6.94,0
fixture_sintetica_v1,True,P0510,2024/25,SQ17,20,1418,3,1,3.69,1.09,7.15,0
fixture_sintetica_v1,True,P0510,2025/26,SQ17,14,911,0,1,0.0,0.86,7.05,0
fixture_sintetica_v1,True,P0511,2024/25,SQ18,13,762,0,0,0.0,0.0,7.87,0
fixture_sintetica_v1,True,P0511,2025/26,SQ18,17,1460,0,0,0.0,0.0,7.67,0
fixture_sintetica_v1,True,P0512,2024/25,SQ18,11,799,0,0,0.0,0.0,6.24,0
fixture_sintetica_v1,True,P0512,2025/26,SQ18,3,228,0,0,0.0,0.0,6.79,0
fixture_sintetica_v1,True,P0513,2024/25,SQ18,23,1534,0,0,0.0,0.0,7.38,0
fixture_sintetica_v1,True,P0513,2025/26,SQ18,24,1342,0,0,0.0,0.0,7.67,0
fixture_sintetica_v1,True,P0514,2024/25,SQ18,10,857,0,0,0.0,0.0,7.15,0
fixture_sintetica_v1,True,P0514,2025/26,SQ18,18,937,0,0,0.0,0.0,7.34,0
fixture_sintetica_v1,True,P0515,2024/25,SQ18,22,1507,0,1,0.0,1.27,6.8,0
fixture_sintetica_v1,True,P0515,2025/26,SQ18,12,749,0,0,0.0,0.0,7.1,0
fixture_sintetica_v1,True,P0516,2024/25,SQ18,33,2750,0,0,0.0,0.0,8.46,0
fixture_sintetica_v1,True,P0516,2025/26,SQ18,6,401,0,0,0.0,0.0,7.93,0
fixture_sintetica_v1,True,P0517,2024/25,SQ18,18,1339,1,0,1.05,0.0,7.18,0
fixture_sintetica_v1,True,P0517,2025/26,SQ18,13,614,0,0,0.0,0.0,6.94,0
fixture_sintetica_v1,True,P0518,2024/25,SQ18,6,420,0,0,0.0,0.0,6.56,0
fixture_sintetica_v1,True,P0518,2025/26,SQ18,12,603,0,0,0.0,0.0,6.57,0
fixture_sintetica_v1,True,P0519,2024/25,SQ18,14,1164,1,0,0.85,0.0,6.67,0
fixture_sintetica_v1,True,P0519,2025/26,SQ18,6,299,0,0,0.0,0.0,6.82,0
fixture_sintetica_v1,True,P0520,2024/25,SQ18,13,731,0,0,0.0,0.0,6.96,0
fixture_sintetica_v1,True,P0520,2025/26,SQ18,11,804,1,0,0.98,0.0,6.84,0
fixture_sintetica_v1,True,P0521,2024/25,SQ18,17,1011,0,0,0.0,0.0,6.46,0
fixture_sintetica_v1,True,P0521,2025/26,SQ18,12,898,0,0,0.0,0.0,5.93,0
fixture_sintetica_v1,True,P0522,2024/25,SQ18,3,268,0,0,0.0,0.0,6.48,0
fixture_sintetica_v1,True,P0522,2025/26,SQ18,8,532,0,0,0.0,0.0,7.1,0
fixture_sintetica_v1,True,P0523,2024/25,SQ18,30,1381,1,1,1.02,0.95,7.53,0
fixture_sintetica_v1,True,P0523,2025/26,SQ18,4,340,0,0,0.0,0.0,7.68,0
fixture_sintetica_v1,True,P0524,2024/25,SQ18,16,822,1,0,1.04,0.0,7.32,0
fixture_sintetica_v1,True,P0524,2025/26,SQ18,17,1437,1,0,1.12,0.0,7.23,0
fixture_sintetica_v1,True,P0525,2024/25,SQ04,25,2004,2,1,2.03,1.28,8.27,0
fixture_sintetica_v1,True,P0525,2025/26,SQ18,22,1875,1,2,0.93,1.88,8.17,0
fixture_sintetica_v1,True,P0526,2024/25,SQ11,7,438,0,0,0.0,0.0,7.79,0
fixture_sintetica_v1,True,P0526,2025/26,SQ18,4,282,1,0,1.15,0.0,7.33,0
fixture_sintetica_v1,True,P0527,2024/25,SQ18,21,1494,2,2,1.62,2.44,7.41,0
fixture_sintetica_v1,True,P0527,2025/26,SQ18,19,1149,1,1,0.82,0.83,7.12,0
fixture_sintetica_v1,True,P0528,2024/25,SQ18,12,733,1,0,1.3,0.0,7.01,0
fixture_sintetica_v1,True,P0528,2025/26,SQ18,8,619,1,0,0.82,0.0,6.87,0
fixture_sintetica_v1,True,P0529,2024/25,SQ18,21,1544,0,0,0.0,0.0,6.6,0
fixture_sintetica_v1,True,P0529,2025/26,SQ18,15,766,0,0,0.0,0.0,6.81,0
fixture_sintetica_v1,True,P0530,2024/25,SQ18,4,270,0,0,0.0,0.0,7.34,0
fixture_sintetica_v1,True,P0530,2025/26,SQ18,5,424,1,0,0.88,0.0,7.41,0
fixture_sintetica_v1,True,P0531,2024/25,SQ18,7,582,0,0,0.0,0.0,5.65,0
fixture_sintetica_v1,True,P0531,2025/26,SQ18,3,256,0,0,0.0,0.0,6.12,0
fixture_sintetica_v1,True,P0532,2024/25,SQ18,6,510,0,0,0.0,0.0,6.42,0
fixture_sintetica_v1,True,P0532,2025/26,SQ18,10,567,0,0,0.0,0.0,6.66,0
fixture_sintetica_v1,True,P0533,2024/25,SQ18,18,1135,2,1,1.89,1.24,7.83,0
fixture_sintetica_v1,True,P0533,2025/26,SQ18,13,900,3,3,3.47,3.21,7.09,0
fixture_sintetica_v1,True,P0534,2024/25,SQ18,12,739,5,2,5.34,1.8,8.22,0
fixture_sintetica_v1,True,P0534,2025/26,SQ18,31,2490,6,4,5.36,3.49,7.51,0
fixture_sintetica_v1,True,P0535,2024/25,SQ18,15,1313,2,1,1.61,1.02,6.74,0
fixture_sintetica_v1,True,P0535,2025/26,SQ18,21,1620,4,1,4.22,0.8,6.79,0
fixture_sintetica_v1,True,P0536,2024/25,SQ18,8,361,0,0,0.0,0.0,6.0,0
fixture_sintetica_v1,True,P0536,2025/26,SQ18,6,504,0,1,0.0,1.26,6.77,0
fixture_sintetica_v1,True,P0537,2024/25,SQ18,26,1419,6,1,5.9,1.18,7.51,0
fixture_sintetica_v1,True,P0537,2025/26,SQ18,26,1616,6,3,6.38,3.84,7.2,0
fixture_sintetica_v1,True,P0538,2024/25,SQ18,16,1138,2,1,2.19,0.96,6.81,0
fixture_sintetica_v1,True,P0538,2025/26,SQ18,12,684,0,1,0.0,1.09,6.87,0
fixture_sintetica_v1,True,P0539,2024/25,SQ07,10,855,0,2,0.0,2.13,7.48,0
fixture_sintetica_v1,True,P0539,2025/26,SQ18,14,739,3,1,2.81,1.16,7.1,0
fixture_sintetica_v1,True,P0540,2024/25,SQ18,24,1122,4,2,4.54,2.13,8.15,0
fixture_sintetica_v1,True,P0540,2025/26,SQ18,26,2146,10,7,8.48,8.7,8.06,0
fixture_sintetica_v1,True,P0541,2024/25,SQ19,9,713,0,0,0.0,0.0,6.96,0
fixture_sintetica_v1,True,P0541,2025/26,SQ19,18,858,0,0,0.0,0.0,7.08,0
fixture_sintetica_v1,True,P0542,2024/25,SQ19,14,1033,0,0,0.0,0.0,8.21,0
fixture_sintetica_v1,True,P0542,2025/26,SQ19,13,982,0,0,0.0,0.0,7.91,0
fixture_sintetica_v1,True,P0543,2024/25,SQ19,8,565,0,0,0.0,0.0,7.02,0
fixture_sintetica_v1,True,P0543,2025/26,SQ19,23,1804,0,0,0.0,0.0,7.31,0
fixture_sintetica_v1,True,P0544,2024/25,SQ19,9,666,0,0,0.0,0.0,6.82,0
fixture_sintetica_v1,True,P0544,2025/26,SQ19,13,843,0,0,0.0,0.0,6.66,0
fixture_sintetica_v1,True,P0545,2024/25,SQ19,15,867,0,0,0.0,0.0,7.62,0
fixture_sintetica_v1,True,P0545,2025/26,SQ19,24,1644,0,0,0.0,0.0,7.49,0
fixture_sintetica_v1,True,P0546,2024/25,SQ19,23,1362,1,2,0.85,1.93,8.1,0
fixture_sintetica_v1,True,P0546,2025/26,SQ19,26,1171,1,0,1.09,0.0,7.99,0
fixture_sintetica_v1,True,P0547,2024/25,SQ19,4,252,0,0,0.0,0.0,7.12,0
fixture_sintetica_v1,True,P0547,2025/26,SQ19,15,1130,0,0,0.0,0.0,7.22,0
fixture_sintetica_v1,True,P0548,2024/25,SQ19,20,932,0,0,0.0,0.0,7.19,0
fixture_sintetica_v1,True,P0548,2025/26,SQ19,15,1213,0,0,0.0,0.0,7.36,0
fixture_sintetica_v1,True,P0549,2024/25,SQ19,18,850,0,0,0.0,0.0,6.56,0
fixture_sintetica_v1,True,P0549,2025/26,SQ19,9,586,0,0,0.0,0.0,6.65,0
fixture_sintetica_v1,True,P0550,2024/25,SQ19,25,1623,0,0,0.0,0.0,7.39,0
fixture_sintetica_v1,True,P0550,2025/26,SQ19,11,711,0,0,0.0,0.0,7.34,0
fixture_sintetica_v1,True,P0551,2024/25,SQ19,21,1766,0,0,0.0,0.0,7.48,0
fixture_sintetica_v1,True,P0551,2025/26,SQ19,29,2024,1,1,1.04,0.99,7.68,0
fixture_sintetica_v1,True,P0552,2024/25,SQ19,18,1102,1,0,1.08,0.0,7.05,0
fixture_sintetica_v1,True,P0552,2025/26,SQ19,8,660,0,0,0.0,0.0,7.55,0
fixture_sintetica_v1,True,P0553,2024/25,SQ19,20,1197,0,0,0.0,0.0,6.44,0
fixture_sintetica_v1,True,P0553,2025/26,SQ19,11,929,0,0,0.0,0.0,6.85,0
fixture_sintetica_v1,True,P0554,2024/25,SQ19,13,812,0,1,0.0,0.96,6.44,0
fixture_sintetica_v1,True,P0554,2025/26,SQ19,16,1069,0,1,0.0,1.09,6.47,0
fixture_sintetica_v1,True,P0555,2024/25,SQ19,8,605,1,0,1.14,0.0,6.1,0
fixture_sintetica_v1,True,P0555,2025/26,SQ19,7,366,0,1,0.0,1.04,6.15,0
fixture_sintetica_v1,True,P0556,2024/25,SQ19,27,1689,2,2,1.62,2.03,7.53,0
fixture_sintetica_v1,True,P0556,2025/26,SQ19,9,533,1,1,0.88,0.9,7.07,0
fixture_sintetica_v1,True,P0557,2024/25,SQ19,8,421,0,1,0.0,1.02,6.99,0
fixture_sintetica_v1,True,P0557,2025/26,SQ19,10,524,0,1,0.0,0.99,7.54,0
fixture_sintetica_v1,True,P0558,2024/25,SQ19,25,1555,2,2,2.57,2.09,7.84,0
fixture_sintetica_v1,True,P0558,2025/26,SQ19,18,1468,1,1,1.26,0.96,7.77,0
fixture_sintetica_v1,True,P0559,2024/25,SQ19,19,1337,0,2,0.0,1.76,7.22,0
fixture_sintetica_v1,True,P0559,2025/26,SQ19,14,781,0,2,0.0,2.42,7.26,0
fixture_sintetica_v1,True,P0560,2024/25,SQ19,27,1451,1,3,1.17,3.18,7.87,0
fixture_sintetica_v1,True,P0560,2025/26,SQ19,4,221,0,0,0.0,0.0,7.46,0
fixture_sintetica_v1,True,P0561,2024/25,SQ19,29,2513,4,3,4.34,2.77,7.72,0
fixture_sintetica_v1,True,P0561,2025/26,SQ19,16,1092,2,1,1.76,1.29,7.62,0
fixture_sintetica_v1,True,P0562,2024/25,SQ19,13,710,0,0,0.0,0.0,7.26,0
fixture_sintetica_v1,True,P0562,2025/26,SQ19,20,1328,0,0,0.0,0.0,7.66,0
fixture_sintetica_v1,True,P0563,2024/25,SQ19,18,1143,4,2,3.56,2.5,7.78,0
fixture_sintetica_v1,True,P0563,2025/26,SQ19,15,891,1,4,0.84,3.96,7.74,0
fixture_sintetica_v1,True,P0564,2024/25,SQ19,18,1223,1,0,0.81,0.0,7.13,0
fixture_sintetica_v1,True,P0564,2025/26,SQ19,14,840,5,2,5.95,2.45,7.4,0
fixture_sintetica_v1,True,P0565,2024/25,SQ19,12,781,2,0,1.91,0.0,6.97,0
fixture_sintetica_v1,True,P0565,2025/26,SQ19,6,496,1,0,1.02,0.0,7.27,0
fixture_sintetica_v1,True,P0566,2024/25,SQ19,15,1243,1,3,1.21,2.64,7.19,0
fixture_sintetica_v1,True,P0566,2025/26,SQ19,14,1247,2,2,1.77,1.92,7.59,0
fixture_sintetica_v1,True,P0567,2024/25,SQ03,22,1291,5,0,4.95,0.0,7.71,0
fixture_sintetica_v1,True,P0567,2025/26,SQ19,23,1929,8,1,8.14,1.22,7.53,0
fixture_sintetica_v1,True,P0568,2024/25,SQ19,12,1060,3,0,3.45,0.0,6.59,0
fixture_sintetica_v1,True,P0568,2025/26,SQ19,5,373,1,0,1.27,0.0,6.86,0
fixture_sintetica_v1,True,P0569,2024/25,SQ19,23,1891,2,3,1.71,3.34,8.01,0
fixture_sintetica_v1,True,P0569,2025/26,SQ19,20,1097,3,2,3.42,2.37,7.68,0
fixture_sintetica_v1,True,P0570,2024/25,SQ19,26,1523,1,1,1.26,1.02,7.82,0
fixture_sintetica_v1,True,P0570,2025/26,SQ19,16,977,4,0,4.17,0.0,7.59,0
fixture_sintetica_v1,True,P0571,2024/25,SQ20,5,314,0,0,0.0,0.0,6.18,0
fixture_sintetica_v1,True,P0571,2025/26,SQ20,3,139,0,0,0.0,0.0,5.74,0
fixture_sintetica_v1,True,P0572,2024/25,SQ20,5,391,0,0,0.0,0.0,8.24,0
fixture_sintetica_v1,True,P0572,2025/26,SQ20,21,968,0,0,0.0,0.0,7.96,0
fixture_sintetica_v1,True,P0573,2024/25,SQ20,23,1366,0,0,0.0,0.0,7.57,0
fixture_sintetica_v1,True,P0573,2025/26,SQ20,8,651,0,0,0.0,0.0,7.2,0
fixture_sintetica_v1,True,P0574,2024/25,SQ13,13,762,0,0,0.0,0.0,6.78,0
fixture_sintetica_v1,True,P0574,2025/26,SQ20,13,893,0,0,0.0,0.0,6.6,0
fixture_sintetica_v1,True,P0575,2024/25,SQ20,21,1039,0,0,0.0,0.0,7.18,0
fixture_sintetica_v1,True,P0575,2025/26,SQ20,12,897,0,0,0.0,0.0,6.91,0
fixture_sintetica_v1,True,P0576,2024/25,SQ20,15,868,0,0,0.0,0.0,6.37,0
fixture_sintetica_v1,True,P0576,2025/26,SQ20,15,1333,0,1,0.0,1.28,6.76,0
fixture_sintetica_v1,True,P0577,2024/25,SQ20,18,1012,0,0,0.0,0.0,7.88,0
fixture_sintetica_v1,True,P0577,2025/26,SQ20,21,1834,1,1,1.03,0.93,7.32,0
fixture_sintetica_v1,True,P0578,2024/25,SQ20,4,210,0,2,0.0,2.47,7.7,0
fixture_sintetica_v1,True,P0578,2025/26,SQ20,16,725,1,0,1.29,0.0,7.06,0
fixture_sintetica_v1,True,P0579,2024/25,SQ20,4,299,0,0,0.0,0.0,5.86,0
fixture_sintetica_v1,True,P0579,2025/26,SQ20,5,356,0,0,0.0,0.0,6.41,0
fixture_sintetica_v1,True,P0580,2024/25,SQ20,21,1193,0,0,0.0,0.0,7.72,0
fixture_sintetica_v1,True,P0580,2025/26,SQ20,20,939,0,1,0.0,1.08,7.39,0
fixture_sintetica_v1,True,P0581,2024/25,SQ20,17,1516,0,0,0.0,0.0,6.95,0
fixture_sintetica_v1,True,P0581,2025/26,SQ20,10,797,0,0,0.0,0.0,7.03,0
fixture_sintetica_v1,True,P0582,2024/25,SQ20,21,1285,0,1,0.0,1.23,6.82,0
fixture_sintetica_v1,True,P0582,2025/26,SQ20,10,576,0,1,0.0,1.21,6.97,0
fixture_sintetica_v1,True,P0583,2024/25,SQ20,16,1436,0,0,0.0,0.0,8.09,0
fixture_sintetica_v1,True,P0583,2025/26,SQ20,6,538,0,0,0.0,0.0,7.66,0
fixture_sintetica_v1,True,P0584,2024/25,SQ20,7,326,0,0,0.0,0.0,7.89,0
fixture_sintetica_v1,True,P0584,2025/26,SQ20,14,1157,0,4,0.0,4.03,7.62,0
fixture_sintetica_v1,True,P0585,2024/25,SQ20,13,747,1,0,0.83,0.0,7.25,0
fixture_sintetica_v1,True,P0585,2025/26,SQ20,10,579,1,2,0.9,1.65,7.53,0
fixture_sintetica_v1,True,P0586,2024/25,SQ20,21,1152,1,1,1.17,1.12,7.48,0
fixture_sintetica_v1,True,P0586,2025/26,SQ20,27,1819,4,4,4.29,4.54,7.43,0
fixture_sintetica_v1,True,P0587,2024/25,SQ20,4,348,0,0,0.0,0.0,6.63,0
fixture_sintetica_v1,True,P0587,2025/26,SQ20,12,743,1,0,1.16,0.0,6.61,0
fixture_sintetica_v1,True,P0588,2024/25,SQ20,12,978,0,0,0.0,0.0,7.35,0
fixture_sintetica_v1,True,P0588,2025/26,SQ20,24,2011,1,3,1.12,2.8,7.69,0
fixture_sintetica_v1,True,P0589,2024/25,SQ20,12,1031,2,0,2.16,0.0,7.53,0
fixture_sintetica_v1,True,P0589,2025/26,SQ20,7,581,0,0,0.0,0.0,7.4,0
fixture_sintetica_v1,True,P0590,2024/25,SQ20,12,1024,1,0,0.91,0.0,7.1,0
fixture_sintetica_v1,True,P0590,2025/26,SQ20,21,1885,1,1,0.85,0.95,7.22,0
fixture_sintetica_v1,True,P0591,2024/25,SQ15,11,559,1,2,0.94,2.49,7.01,0
fixture_sintetica_v1,True,P0591,2025/26,SQ20,5,416,1,0,0.99,0.0,7.29,0
fixture_sintetica_v1,True,P0592,2024/25,SQ20,13,787,0,1,0.0,0.81,6.65,0
fixture_sintetica_v1,True,P0592,2025/26,SQ20,13,1139,1,3,1.14,3.78,6.92,0
fixture_sintetica_v1,True,P0593,2024/25,SQ20,21,1038,2,1,1.67,1.18,7.95,0
fixture_sintetica_v1,True,P0593,2025/26,SQ20,17,1392,5,1,5.47,1.28,8.08,0
fixture_sintetica_v1,True,P0594,2024/25,SQ20,18,1509,5,4,5.52,4.3,7.18,0
fixture_sintetica_v1,True,P0594,2025/26,SQ20,9,424,0,0,0.0,0.0,7.61,0
fixture_sintetica_v1,True,P0595,2024/25,SQ20,15,749,1,2,0.87,1.78,6.62,0
fixture_sintetica_v1,True,P0595,2025/26,SQ20,8,561,1,0,1.15,0.0,6.59,0
fixture_sintetica_v1,True,P0596,2024/25,SQ20,3,209,0,0,0.0,0.0,6.37,0
fixture_sintetica_v1,True,P0596,2025/26,SQ20,14,792,1,0,1.03,0.0,6.04,0
fixture_sintetica_v1,True,P0597,2024/25,SQ20,16,747,1,0,0.91,0.0,6.12,0
fixture_sintetica_v1,True,P0597,2025/26,SQ20,9,499,0,1,0.0,1.12,6.37,0
fixture_sintetica_v1,True,P0598,2024/25,SQ20,23,1116,4,1,3.98,0.82,7.07,0
fixture_sintetica_v1,True,P0598,2025/26,SQ20,10,551,1,0,0.91,0.0,7.33,0
fixture_sintetica_v1,True,P0599,2024/25,SQ08,16,1185,3,2,3.36,2.49,6.97,0
fixture_sintetica_v1,True,P0599,2025/26,SQ20,12,784,1,0,0.88,0.0,6.95,0
fixture_sintetica_v1,True,P0600,2024/25,SQ20,23,1440,3,2,2.67,1.97,6.93,0
fixture_sintetica_v1,True,P0600,2025/26,SQ20,9,500,0,1,0.0,0.98,7.43,0
