fonte,is_synthetic,player_id,nome,ruolo,squadra,quotazione_listone,data_estrazione
fixture_sintetica_v1,True,P0001,Giocatore Sintetico 1,P,SQ01,4.0,2026-08-25 00:00:00+00:00
fixture_sintetica_v1,True,P0002,Giocatore Sintetico 2,P,SQ01,11.0,2026-08-25 00:00:00+00:00
fixture_sintetica_v1,True,P0003,Giocatore Sintetico 3,P,SQ01,6.0,2026-08-25 00:00:00+00:00
fixture_sintetica_v1,True,P0004,Giocatore Sintetico 4,P,SQ01,8.0,2026-08-25 00:00:00+00:00
fixture_sintetica_v1,True,P0005,Giocatore Sintetico 5,D,SQ01,7.0,2026-08-25 00:00:00+00:00
fixture_sintetica_v1,True,P0006,Giocatore Sintetico 6,D,SQ01,2.0,2026-08-25 00:00:00+00:00
fixture_sintetica_v1,True,P0007,Giocatore Sintetico 7,D,SQ01,31.0,2026-08-25 00:00:00+00:00
fixture_sintetica_v1,True,P0008,Giocatore Sintetico 8,D,SQ01,13.0,2026-08-25 00:00:00+00:00
fixture_sintetica_v1,True,P0009,Giocatore Sintetico 9,D,SQ01,14.0,2026-08-25 00:00:00+00:00
fixture_sintetica_v1,True,P0010,Giocatore Sintetico 10,D,SQ01,18.0,2026-08-25 00:00:00+00:00
fixture_sintetica_v1,True,P0011,Giocatore Sintetico 11,D,SQ01,25.0,2026-08-25 00:00:00+00:00
fixture_sintetica_v1,True,P0012,Giocatore Sintetico 12,D,SQ01,29.0,2026-08-25 00:00:00+00:00
fixture_sintetica_v1,True,P0013,Giocatore Sintetico 13,D,SQ01,10.0,2026-08-25 00:00:00+00:00
fixture_sintetica_v1,True,P0014,Giocatore Sintetico 14,C,SQ01,59.0,2026-08-25 00:00:00+00:00
fixture_sintetica_v1,True,P0015,Giocatore Sintetico 15,C,SQ01,42.0,2026-08-25 00:00:00+00:00
fixture_sintetica_v1,True,P0016,Giocatore Sintetico 16,C,SQ01,20.0,2026-08-25 00:00:00+00:00
fixture_sintetica_v1,True,P0017,Giocatore Sintetico 17,C,SQ01,32.0,2026-08-25 00:00:00+00:00
fixture_sintetica_v1,True,P0018,Giocatore Sintetico 18,C,SQ01,42.0,2026-08-25 00:00:00+00:00
fixture_sintetica_v1,True,P0019,Giocatore Sintetico 19,C,SQ01,27.0,2026-08-25 00:00:00+00:00
fixture_sintetica_v1,True,P0020,Giocatore Sintetico 20,C,SQ01,8.0,2026-08-25 00:00:00+00:00
fixture_sintetica_v1,True,P0021,Giocatore Sintetico 21,C,SQ01,38.0,2026-08-25 00:00:00+00:00
fixture_sintetica_v1,True,P0022,Giocatore Sintetico 22,C,SQ01,11.0,2026-08-25 00:00:00+00:00
fixture_sintetica_v1,True,P0023,Giocatore Sintetico 23,A,SQ01,53.0,2026-08-25 00:00:00+00:00
fixture_sintetica_v1,True,P0024,Giocatore Sintetico 24,A,SQ01,59.0,2026-08-25 00:00:00+00:00
fixture_sintetica_v1,True,P0025,Giocatore Sintetico 25,A,SQ01,44.0,2026-08-25 00:00:00+00:00
fixture_sintetica_v1,True,P0026,Giocatore Sintetico 26,A,SQ01,26.0,2026-08-25 00:00:00+00:00
fixture_sintetica_v1,True,P0027,Giocatore Sintetico 27,A,SQ01,53.0,2026-08-25 00:00:00+00:00
fixture_sintetica_v1,True,P0028,Giocatore Sintetico 28,A,SQ01,48.0,2026-08-25 00:00:00+00:00
fixture_sintetica_v1,True,P0029,Giocatore Sintetico 29,A,SQ01,53.0,2026-08-25 00:00:00+00:00
fixture_sintetica_v1,True,P0030,Giocatore Sintetico 30,A,SQ01,55.0,2026-08-25 00:00:00+00:00
fixture_sintetica_v1,True,P0031,Giocatore Sintetico 31,P,SQ02,13.0,2026-08-25 00:00:00+00:00
fixture_sintetica_v1,True,P0032,Giocatore Sintetico 32,P,SQ02,8.0,2026-08-25 00:00:00+00:00
fixture_sintetica_v1,True,P0033,Giocatore Sintetico 33,P,SQ02,12.0,2026-08-25 00:00:00+00:00
fixture_sintetica_v1,True,P0034,Giocatore Sintetico 34,P,SQ02,9.0,2026-08-25 00:00:00+00:00
fixture_sintetica_v1,True,P0035,Giocatore Sintetico 35,D,SQ02,11.0,2026-08-25 00:00:00+00:00
fixture_sintetica_v1,True,P0036,Giocatore Sintetico 36,D,SQ02,12.0,2026-08-25 00:00:00+00:00
fixture_sintetica_v1,True,P0037,Giocatore Sintetico 37,D,SQ02,8.0,2026-08-25 00:00:00+00:00
fixture_sintetica_v1,True,P0038,Giocatore Sintetico 38,D,SQ02,4.0,2026-08-25 00:00:00+00:00
fixture_sintetica_v1,True,P0039,Giocatore Sintetico 39,D,SQ02,25.0,2026-08-25 00:00:00+00:00
fixture_sintetica_v1,True,P0040,Giocatore Sintetico 40,D,SQ02,33.0,2026-08-25 00:00:00+00:00
fixture_sintetica_v1,True,P0041,Giocatore Sintetico 41,D,SQ02,17.0,2026-08-25 00:00:00+00:00
fixture_sintetica_v1,True,P0042,Giocatore Sintetico 42,D,SQ02,18.0,2026-08-25 00:00:00+00:00
fixture_sintetica_v1,True,P0043,Giocatore Sintetico 43,D,SQ02,26.0,2026-08-25 00:00:00+00:00
fixture_sintetica_v1,True,P0044,Giocatore Sintetico 44,C,SQ02,23.0,2026-08-25 00:00:00+00:00
fixture_sintetica_v1,True,P0045,Giocatore Sintetico 45,C,SQ02,20.0,2026-08-25 00:00:00+00:00
fixture_sintetica_v1,True,P0046,Giocatore Sintetico 46,C,SQ02,4.0,2026-08-25 00:00:00+00:00
fixture_sintetica_v1,True,P0047,Giocatore Sintetico 47,C,SQ02,12.0,2026-08-25 00:00:00+00:00
fixture_sintetica_v1,True,P0048,Giocatore Sintetico 48,C,SQ02,15.0,2026-08-25 00:00:00+00:00
fixture_sintetica_v1,True,P0049,Giocatore Sintetico 49,C,SQ02,49.0,2026-08-25 00:00:00+00:00
fixture_sintetica_v1,True,P0050,Giocatore Sintetico 50,C,SQ02,50.0,2026-08-25 00:00:00+00:00
fixture_sintetica_v1,True,P0051,Giocatore Sintetico 51,C,SQ02,38.0,2026-08-25 00:00:00+00:00
fixture_sintetica_v1,True,P0052,Giocatore Sintetico 52,C,SQ02,44.0,2026-08-25 00:00:00+00:00
fixture_sintetica_v1,True,P0053,Giocatore Sintetico 53,A,SQ02,56.0,2026-08-25 00:00:00+00:00
fixture_sintetica_v1,True,P0054,Giocatore Sintetico 54,A,SQ02,52.0,2026-08-25 00:00:00+00:00
fixture_sintetica_v1,True,P0055,Giocatore Sintetico 55,A,SQ02,39.0,2026-08-25 00:00:00+00:00
fixture_sintetica_v1,True,P0056,Giocatore Sintetico 56,A,SQ02,33.0,2026-08-25 00:00:00+00:00
fixture_sintetica_v1,True,P0057,Giocatore Sintetico 57,A,SQ02,36.0,2026-08-25 00:00:00+00:00
fixture_sintetica_v1,True,P0058,Giocatore Sintetico 58,A,SQ02,17.0,2026-08-25 00:00:00+00:00
fixture_sintetica_v1,True,P0059,Giocatore Sintetico 59,A,SQ02,47.0,2026-08-25 00:00:00+00:00
fixture_sintetica_v1,True,P0060,Giocatore Sintetico 60,A,SQ02,41.0,2026-08-25 00:00:00+00:00
fixture_sintetica_v1,True,P0061,Giocatore Sintetico 61,P,SQ03,10.0,2026-08-25 00:00:00+00:00
fixture_sintetica_v1,True,P0062,Giocatore Sintetico 62,P,SQ03,7.0,2026-08-25 00:00:00+00:00
fixture_sintetica_v1,True,P0063,Giocatore Sintetico 63,P,SQ03,5.0,2026-08-25 00:00:00+00:00
fixture_sintetica_v1,True,P0064,Giocatore Sintetico 64,P,SQ03,15.0,2026-08-25 00:00:00+00:00
fixture_sintetica_v1,True,P0065,Giocatore Sintetico 65,D,SQ03,10.0,2026-08-25 00:00:00+00:00
fixture_sintetica_v1,True,P0066,Giocatore Sintetico 66,D,SQ03,2.0,2026-08-25 00:00:00+00:00
fixture_sintetica_v1,True,P0067,Giocatore Sintetico 67,D,SQ03,19.0,2026-08-25 00:00:00+00:00
fixture_sintetica_v1,True,P0068,Giocatore Sintetico 68,D,SQ03,8.0,2026-08-25 00:00:00+00:00
fixture_sintetica_v1,True,P0069,Giocatore Sintetico 69,D,SQ03,18.0,2026-08-25 00:00:00+00:00
fixture_sintetica_v1,True,P0070,Giocatore Sintetico 70,D,SQ03,19.0,2026-08-25 00:00:00+00:00
fixture_sintetica_v1,True,P0071,Giocatore Sintetico 71,D,SQ03,9.0,2026-08-25 00:00:00+00:00
fixture_sintetica_v1,True,P0072,Giocatore Sintetico 72,D,SQ03,18.0,2026-08-25 00:00:00+00:00
fixture_sintetica_v1,True,P0073,Giocatore Sintetico 73,D,SQ03,22.0,2026-08-25 00:00:00+00:00
fixture_sintetica_v1,True,P0074,Giocatore Sintetico 74,C,SQ03,54.0,2026-08-25 00:00:00+00:00
fixture_sintetica_v1,True,P0075,Giocatore Sintetico 75,C,SQ03,35.0,2026-08-25 00:00:00+00:00
fixture_sintetica_v1,True,P0076,Giocatore Sintetico 76,C,SQ03,38.0,2026-08-25 00:00:00+00:00
fixture_sintetica_v1,True,P0077,Giocatore Sintetico 77,C,SQ03,11.0,2026-08-25 00:00:00+00:00
fixture_sintetica_v1,True,P0078,Giocatore Sintetico 78,C,SQ03,18.0,2026-08-25 00:00:00+00:00
fixture_sintetica_v1,True,P0079,Giocatore Sintetico 79,C,SQ03,12.0,2026-08-25 00:00:00+00:00
fixture_sintetica_v1,True,P0080,Giocatore Sintetico 80,C,SQ03,37.0,2026-08-25 00:00:00+00:00
fixture_sintetica_v1,True,P0081,Giocatore Sintetico 81,C,SQ03,21.0,2026-08-25 00:00:00+00:00
fixture_sintetica_v1,True,P0082,Giocatore Sintetico 82,C,SQ03,12.0,2026-08-25 00:00:00+00:00
fixture_sintetica_v1,True,P0083,Giocatore Sintetico 83,A,SQ03,43.0,2026-08-25 00:00:00+00:00
fixture_sintetica_v1,True,P0084,Giocatore Sintetico 84,A,SQ03,54.0,2026-08-25 00:00:00+00:00
fixture_sintetica_v1,True,P0085,Giocatore Sintetico 85,A,SQ03,61.0,2026-08-25 00:00:00+00:00
fixture_sintetica_v1,True,P0086,Giocatore Sintetico 86,A,SQ03,33.0,2026-08-25 00:00:00+00:00
fixture_sintetica_v1,True,P0087,Giocatore Sintetico 87,A,SQ03,66.0,2026-08-25 00:00:00+00:00
fixture_sintetica_v1,True,P0088,Giocatore Sintetico 88,A,SQ03,21.0,2026-08-25 00:00:00+00:00
fixture_sintetica_v1,True,P0089,Giocatore Sintetico 89,A,SQ03,39.0,2026-08-25 00:00:00+00:00
fixture_sintetica_v1,True,P0090,Giocatore Sintetico 90,A,SQ03,17.0,2026-08-25 00:00:00+00:00
fixture_sintetica_v1,True,P0091,Giocatore Sintetico 91,P,SQ04,8.0,2026-08-25 00:00:00+00:00
fixture_sintetica_v1,True,P0092,Giocatore Sintetico 92,P,SQ04,2.0,2026-08-25 00:00:00+00:00
fixture_sintetica_v1,True,P0093,Giocatore Sintetico 93,P,SQ04,15.0,2026-08-25 00:00:00+00:00
fixture_sintetica_v1,True,P0094,Giocatore Sintetico 94,P,SQ04,5.0,2026-08-25 00:00:00+00:00
fixture_sintetica_v1,True,P0095,Giocatore Sintetico 95,D,SQ04,32.0,2026-08-25 00:00:00+00:00
fixture_sintetica_v1,True,P0096,Giocatore Sintetico 96,D,SQ04,26.0,2026-08-25 00:00:00+00:00
fixture_sintetica_v1,True,P0097,Giocatore Sintetico 97,D,SQ04,12.0,2026-08-25 00:00:00+00:00
fixture_sintetica_v1,True,P0098,Giocatore Sintetico 98,D,SQ04,25.0,2026-08-25 00:00:00+00:00
fixture_sintetica_v1,True,P0099,Giocatore Sintetico 99,D,SQ04,9.0,2026-08-25 00:00:00+00:00
fixture_sintetica_v1,True,P0100,Giocatore Sintetico 100,D,SQ04,20.0,2026-08-25 00:00:00+00:00
fixture_sintetica_v1,True,P0101,Giocatore Sintetico 101,D,SQ04,17.0,2026-08-25 00:00:00+00:00
fixture_sintetica_v1,True,P0102,Giocatore Sintetico 102,D,SQ04,19.0,2026-08-25 00:00:00+00:00
fixture_sintetica_v1,True,P0103,Giocatore Sintetico 103,D,SQ04,21.0,2026-08-25 00:00:00+00:00
fixture_sintetica_v1,True,P0104,Giocatore Sintetico 104,C,SQ04,51.0,2026-08-25 00:00:00+00:00
fixture_sintetica_v1,True,P0105,Giocatore Sintetico 105,C,SQ04,49.0,2026-08-25 00:00:00+00:00
fixture_sintetica_v1,True,P0106,Giocatore Sintetico 106,C,SQ04,17.0,2026-08-25 00:00:00+00:00
fixture_sintetica_v1,True,P0107,Giocatore Sintetico 107,C,SQ04,30.0,2026-08-25 00:00:00+00:00
fixture_sintetica_v1,True,P0108,Giocatore Sintetico 108,C,SQ04,18.0,2026-08-25 00:00:00+00:00
fixture_sintetica_v1,True,P0109,Giocatore Sintetico 109,C,SQ04,45.0,2026-08-25 00:00:00+00:00
fixture_sintetica_v1,True,P0110,Giocatore Sintetico 110,C,SQ04,8.0,2026-08-25 00:00:00+00:00
fixture_sintetica_v1,True,P0111,Giocatore Sintetico 111,C,SQ04,32.0,2026-08-25 00:00:00+00:00
fixture_sintetica_v1,True,P0112,Giocatore Sintetico 112,C,SQ04,23.0,2026-08-25 00:00:00+00:00
fixture_sintetica_v1,True,P0113,Giocatore Sintetico 113,A,SQ04,40.0,2026-08-25 00:00:00+00:00
fixture_sintetica_v1,True,P0114,Giocatore Sintetico 114,A,SQ04,31.0,2026-08-25 00:00:00+00:00
fixture_sintetica_v1,True,P0115,Giocatore Sintetico 115,A,SQ04,59.0,2026-08-25 00:00:00+00:00
fixture_sintetica_v1,True,P0116,Giocatore Sintetico 116,A,SQ04,26.0,2026-08-25 00:00:00+00:00
fixture_sintetica_v1,True,P0117,Giocatore Sintetico 117,A,SQ04,18.0,2026-08-25 00:00:00+00:00
fixture_sintetica_v1,True,P0118,Giocatore Sintetico 118,A,SQ04,20.0,2026-08-25 00:00:00+00:00
fixture_sintetica_v1,True,P0119,Giocatore Sintetico 119,A,SQ04,26.0,2026-08-25 00:00:00+00:00
fixture_sintetica_v1,True,P0120,Giocatore Sintetico 120,A,SQ04,25.0,2026-08-25 00:00:00+00:00
fixture_sintetica_v1,True,P0121,Giocatore Sintetico 121,P,SQ05,6.0,2026-08-25 00:00:00+00:00
fixture_sintetica_v1,True,P0122,Giocatore Sintetico 122,P,SQ05,8.0,2026-08-25 00:00:00+00:00
fixture_sintetica_v1,True,P0123,Giocatore Sintetico 123,P,SQ05,5.0,2026-08-25 00:00:00+00:00
fixture_sintetica_v1,True,P0124,Giocatore Sintetico 124,P,SQ05,4.0,2026-08-25 00:00:00+00:00
fixture_sintetica_v1,True,P0125,Giocatore Sintetico 125,D,SQ05,9.0,2026-08-25 00:00:00+00:00
fixture_sintetica_v1,True,P0126,Giocatore Sintetico 126,D,SQ05,33.0,2026-08-25 00:00:00+00:00
fixture_sintetica_v1,True,P0127,Giocatore Sintetico 127,D,SQ05,3.0,2026-08-25 00:00:00+00:00
fixture_sintetica_v1,True,P0128,Giocatore Sintetico 128,D,SQ05,14.0,2026-08-25 00:00:00+00:00
fixture_sintetica_v1,True,P0129,Giocatore Sintetico 129,D,SQ05,5.0,2026-08-25 00:00:00+00:00
fixture_sintetica_v1,True,P0130,Giocatore Sintetico 130,D,SQ05,15.0,2026-08-25 00:00:00+00:00
fixture_sintetica_v1,True,P0131,Giocatore Sintetico 131,D,SQ05,12.0,2026-08-25 00:00:00+00:00
fixture_sintetica_v1,True,P0132,Giocatore Sintetico 132,D,SQ05,16.0,2026-08-25 00:00:00+00:00
fixture_sintetica_v1,True,P0133,Giocatore Sintetico 133,D,SQ05,11.0,2026-08-25 00:00:00+00:00
fixture_sintetica_v1,True,P0134,Giocatore Sintetico 134,C,SQ05,24.0,2026-08-25 00:00:00+00:00
fixture_sintetica_v1,True,P0135,Giocatore Sintetico 135,C,SQ05,22.0,2026-08-25 00:00:00+00:00
fixture_sintetica_v1,True,P0136,Giocatore Sintetico 136,C,SQ05,35.0,2026-08-25 00:00:00+00:00
fixture_sintetica_v1,True,P0137,Giocatore Sintetico 137,C,SQ05,5.0,2026-08-25 00:00:00+00:00
fixture_sintetica_v1,True,P0138,Giocatore Sintetico 138,C,SQ05,27.0,2026-08-25 00:00:00+00:00
fixture_sintetica_v1,True,P0139,Giocatore Sintetico 139,C,SQ05,19.0,2026-08-25 00:00:00+00:00
fixture_sintetica_v1,True,P0140,Giocatore Sintetico 140,C,SQ05,19.0,2026-08-25 00:00:00+00:00
fixture_sintetica_v1,True,P0141,Giocatore Sintetico 141,C,SQ05,16.0,2026-08-25 00:00:00+00:00
fixture_sintetica_v1,True,P0142,Giocatore Sintetico 142,C,SQ05,27.0,2026-08-25 00:00:00+00:00
fixture_sintetica_v1,True,P0143,Giocatore Sintetico 143,A,SQ05,20.0,2026-08-25 00:00:00+00:00
fixture_sintetica_v1,True,P0144,Giocatore Sintetico 144,A,SQ05,18.0,2026-08-25 00:00:00+00:00
fixture_sintetica_v1,True,P0145,Giocatore Sintetico 145,A,SQ05,46.0,2026-08-25 00:00:00+00:00
fixture_sintetica_v1,True,P0146,Giocatore Sintetico 146,A,SQ05,26.0,2026-08-25 00:00:00+00:00
fixture_sintetica_v1,True,P0147,Giocatore Sintetico 147,A,SQ05,58.0,2026-08-25 00:00:00+00:00
fixture_sintetica_v1,True,P0148,Giocatore Sintetico 148,A,SQ05,45.0,2026-08-25 00:00:00+00:00
fixture_sintetica_v1,True,P0149,Giocatore Sintetico 149,A,SQ05,43.0,2026-08-25 00:00:00+00:00
fixture_sintetica_v1,True,P0150,Giocatore Sintetico 150,A,SQ05,34.0,2026-08-25 00:00:00+00:00
fixture_sintetica_v1,True,P0151,Giocatore Sintetico 151,P,SQ06,6.0,2026-08-25 00:00:00+00:00
fixture_sintetica_v1,True,P0152,Giocatore Sintetico 152,P,SQ06,18.0,2026-08-25 00:00:00+00:00
fixture_sintetica_v1,True,P0153,Giocatore Sintetico 153,P,SQ06,10.0,2026-08-25 00:00:00+00:00
fixture_sintetica_v1,True,P0154,Giocatore Sintetico 154,P,SQ06,5.0,2026-08-25 00:00:00+00:00
fixture_sintetica_v1,True,P0155,Giocatore Sintetico 155,D,SQ06,15.0,2026-08-25 00:00:00+00:00
fixture_sintetica_v1,True,P0156,Giocatore Sintetico 156,D,SQ06,8.0,2026-08-25 00:00:00+00:00
fixture_sintetica_v1,True,P0157,Giocatore Sintetico 157,D,SQ06,7.0,2026-08-25 00:00:00+00:00
fixture_sintetica_v1,True,P0158,Giocatore Sintetico 158,D,SQ06,28.0,2026-08-25 00:00:00+00:00
fixture_sintetica_v1,True,P0159,Giocatore Sintetico 159,D,SQ06,24.0,2026-08-25 00:00:00+00:00
fixture_sintetica_v1,True,P0160,Giocatore Sintetico 160,D,SQ06,24.0,2026-08-25 00:00:00+00:00
fixture_sintetica_v1,True,P0161,Giocatore Sintetico 161,D,SQ06,21.0,2026-08-25 00:00:00+00:00
fixture_sintetica_v1,True,P0162,Giocatore Sintetico 162,D,SQ06,24.0,2026-08-25 00:00:00+00:00
fixture_sintetica_v1,True,P0163,Giocatore Sintetico 163,D,SQ06,19.0,2026-08-25 00:00:00+00:00
fixture_sintetica_v1,True,P0164,Giocatore Sintetico 164,C,SQ06,11.0,2026-08-25 00:00:00+00:00
fixture_sintetica_v1,True,P0165,Giocatore Sintetico 165,C,SQ06,8.0,2026-08-25 00:00:00+00:00
fixture_sintetica_v1,True,P0166,Giocatore Sintetico 166,C,SQ06,31.0,2026-08-25 00:00:00+00:00
fixture_sintetica_v1,True,P0167,Giocatore Sintetico 167,C,SQ06,17.0,2026-08-25 00:00:00+00:00
fixture_sintetica_v1,True,P0168,Giocatore Sintetico 168,C,SQ06,18.0,2026-08-25 00:00:00+00:00
fixture_sintetica_v1,True,P0169,Giocatore Sintetico 169,C,SQ06,36.0,2026-08-25 00:00:00+00:00
fixture_sintetica_v1,True,P0170,Giocatore Sintetico 170,C,SQ06,41.0,2026-08-25 00:00:00+00:00
fixture_sintetica_v1,True,P0171,Giocatore Sintetico 171,C,SQ06,14.0,2026-08-25 00:00:00+00:00
fixture_sintetica_v1,True,P0172,Giocatore Sintetico 172,C,SQ06,36.0,2026-08-25 00:00:00+00:00
fixture_sintetica_v1,True,P0173,Giocatore Sintetico 173,A,SQ06,47.0,2026-08-25 00:00:00+00:00
fixture_sintetica_v1,True,P0174,Giocatore Sintetico 174,A,SQ06,47.0,2026-08-25 00:00:00+00:00
fixture_sintetica_v1,True,P0175,Giocatore Sintetico 175,A,SQ06,70.0,2026-08-25 00:00:00+00:00
fixture_sintetica_v1,True,P0176,Giocatore Sintetico 176,A,SQ06,53.0,2026-08-25 00:00:00+00:00
fixture_sintetica_v1,True,P0177,Giocatore Sintetico 177,A,SQ06,49.0,2026-08-25 00:00:00+00:00
fixture_sintetica_v1,True,P0178,Giocatore Sintetico 178,A,SQ06,70.0,2026-08-25 00:00:00+00:00
fixture_sintetica_v1,True,P0179,Giocatore Sintetico 179,A,SQ06,24.0,2026-08-25 00:00:00+00:00
fixture_sintetica_v1,True,P0180,Giocatore Sintetico 180,A,SQ06,47.0,2026-08-25 00:00:00+00:00
fixture_sintetica_v1,True,P0181,Giocatore Sintetico 181,P,SQ07,12.0,2026-08-25 00:00:00+00:00
fixture_sintetica_v1,True,P0182,Giocatore Sintetico 182,P,SQ07,7.0,2026-08-25 00:00:00+00:00
fixture_sintetica_v1,True,P0183,Giocatore Sintetico 183,P,SQ07,14.0,2026-08-25 00:00:00+00:00
fixture_sintetica_v1,True,P0184,Giocatore Sintetico 184,P,SQ07,10.0,2026-08-25 00:00:00+00:00
fixture_sintetica_v1,True,P0185,Giocatore Sintetico 185,D,SQ07,32.0,2026-08-25 00:00:00+00:00
fixture_sintetica_v1,True,P0186,Giocatore Sintetico 186,D,SQ07,21.0,2026-08-25 00:00:00+00:00
fixture_sintetica_v1,True,P0187,Giocatore Sintetico 187,D,SQ07,26.0,2026-08-25 00:00:00+00:00
fixture_sintetica_v1,True,P0188,Giocatore Sintetico 188,D,SQ07,24.0,2026-08-25 00:00:00+00:00
fixture_sintetica_v1,True,P0189,Giocatore Sintetico 189,D,SQ07,33.0,2026-08-25 00:00:00+00:00
fixture_sintetica_v1,True,P0190,Giocatore Sintetico 190,D,SQ07,14.0,2026-08-25 00:00:00+00:00
fixture_sintetica_v1,True,P0191,Giocatore Sintetico 191,D,SQ07,26.0,2026-08-25 00:00:00+00:00
fixture_sintetica_v1,True,P0192,Giocatore Sintetico 192,D,SQ07,5.0,2026-08-25 00:00:00+00:00
fixture_sintetica_v1,True,P0193,Giocatore Sintetico 193,D,SQ07,20.0,2026-08-25 00:00:00+00:00
fixture_sintetica_v1,True,P0194,Giocatore Sintetico 194,C,SQ07,41.0,2026-08-25 00:00:00+00:00
fixture_sintetica_v1,True,P0195,Giocatore Sintetico 195,C,SQ07,36.0,2026-08-25 00:00:00+00:00
fixture_sintetica_v1,True,P0196,Giocatore Sintetico 196,C,SQ07,31.0,2026-08-25 00:00:00+00:00
fixture_sintetica_v1,True,P0197,Giocatore Sintetico 197,C,SQ07,26.0,2026-08-25 00:00:00+00:00
fixture_sintetica_v1,True,P0198,Giocatore Sintetico 198,C,SQ07,52.0,2026-08-25 00:00:00+00:00
fixture_sintetica_v1,True,P0199,Giocatore Sintetico 199,C,SQ07,20.0,2026-08-25 00:00:00+00:00
fixture_sintetica_v1,True,P0200,Giocatore Sintetico 200,C,SQ07,34.0,2026-08-25 00:00:00+00:00
fixture_sintetica_v1,True,P0201,Giocatore Sintetico 201,C,SQ07,27.0,2026-08-25 00:00:00+00:00
fixture_sintetica_v1,True,P0202,Giocatore Sintetico 202,C,SQ07,38.0,2026-08-25 00:00:00+00:00
fixture_sintetica_v1,True,P0203,Giocatore Sintetico 203,A,SQ07,52.0,2026-08-25 00:00:00+00:00
fixture_sintetica_v1,True,P0204,Giocatore Sintetico 204,A,SQ07,21.0,2026-08-25 00:00:00+00:00
fixture_sintetica_v1,True,P0205,Giocatore Sintetico 205,A,SQ07,26.0,2026-08-25 00:00:00+00:00
fixture_sintetica_v1,True,P0206,Giocatore Sintetico 206,A,SQ07,45.0,2026-08-25 00:00:00+00:00
fixture_sintetica_v1,True,P0207,Giocatore Sintetico 207,A,SQ07,50.0,2026-08-25 00:00:00+00:00
fixture_sintetica_v1,True,P0208,Giocatore Sintetico 208,A,SQ07,47.0,2026-08-25 00:00:00+00:00
fixture_sintetica_v1,True,P0209,Giocatore Sintetico 209,A,SQ07,58.0,2026-08-25 00:00:00+00:00
fixture_sintetica_v1,True,P0210,Giocatore Sintetico 210,A,SQ07,29.0,2026-08-25 00:00:00+00:00
fixture_sintetica_v1,True,P0211,Giocatore Sintetico 211,P,SQ08,11.0,2026-08-25 00:00:00+00:00
fixture_sintetica_v1,True,P0212,Giocatore Sintetico 212,P,SQ08,4.0,2026-08-25 00:00:00+00:00
fixture_sintetica_v1,True,P0213,Giocatore Sintetico 213,P,SQ08,16.0,2026-08-25 00:00:00+00:00
fixture_sintetica_v1,True,P0214,Giocatore Sintetico 214,P,SQ08,16.0,2026-08-25 00:00:00+00:00
fixture_sintetica_v1,True,P0215,Giocatore Sintetico 215,D,SQ08,14.0,2026-08-25 00:00:00+00:00
fixture_sintetica_v1,True,P0216,Giocatore Sintetico 216,D,SQ08,11.0,2026-08-25 00:00:00+00:00
fixture_sintetica_v1,True,P0217,Giocatore Sintetico 217,D,SQ08,14.0,2026-08-25 00:00:00+00:00
fixture_sintetica_v1,True,P0218,Giocatore Sintetico 218,D,SQ08,18.0,2026-08-25 00:00:00+00:00
fixture_sintetica_v1,True,P0219,Giocatore Sintetico 219,D,SQ08,8.0,2026-08-25 00:00:00+00:00
fixture_sintetica_v1,True,P0220,Giocatore Sintetico 220,D,SQ08,7.0,2026-08-25 00:00:00+00:00
fixture_sintetica_v1,True,P0221,Giocatore Sintetico 221,D,SQ08,7.0,2026-08-25 00:00:00+00:00
fixture_sintetica_v1,True,P0222,Giocatore Sintetico 222,D,SQ08,8.0,2026-08-25 00:00:00+00:00
fixture_sintetica_v1,True,P0223,Giocatore Sintetico 223,D,SQ08,23.0,2026-08-25 00:00:00+00:00
fixture_sintetica_v1,True,P0224,Giocatore Sintetico 224,C,SQ08,42.0,2026-08-25 00:00:00+00:00
fixture_sintetica_v1,True,P0225,Giocatore Sintetico 225,C,SQ08,23.0,2026-08-25 00:00:00+00:00
fixture_sintetica_v1,True,P0226,Giocatore Sintetico 226,C,SQ08,9.0,2026-08-25 00:00:00+00:00
fixture_sintetica_v1,True,P0227,Giocatore Sintetico 227,C,SQ08,18.0,2026-08-25 00:00:00+00:00
fixture_sintetica_v1,True,P0228,Giocatore Sintetico 228,C,SQ08,53.0,2026-08-25 00:00:00+00:00
fixture_sintetica_v1,True,P0229,Giocatore Sintetico 229,C,SQ08,29.0,2026-08-25 00:00:00+00:00
fixture_sintetica_v1,True,P0230,Giocatore Sintetico 230,C,SQ08,19.0,2026-08-25 00:00:00+00:00
fixture_sintetica_v1,True,P0231,Giocatore Sintetico 231,C,SQ08,27.0,2026-08-25 00:00:00+00:00
fixture_sintetica_v1,True,P0232,Giocatore Sintetico 232,C,SQ08,31.0,2026-08-25 00:00:00+00:00
fixture_sintetica_v1,True,P0233,Giocatore Sintetico 233,A,SQ08,8.0,2026-08-25 00:00:00+00:00
fixture_sintetica_v1,True,P0234,Giocatore Sintetico 234,A,SQ08,42.0,2026-08-25 00:00:00+00:00
fixture_sintetica_v1,True,P0235,Giocatore Sintetico 235,A,SQ08,39.0,2026-08-25 00:00:00+00:00
fixture_sintetica_v1,True,P0236,Giocatore Sintetico 236,A,SQ08,29.0,2026-08-25 00:00:00+00:00
fixture_sintetica_v1,True,P0237,Giocatore Sintetico 237,A,SQ08,25.0,2026-08-25 00:00:00+00:00
fixture_sintetica_v1,True,P0238,Giocatore Sintetico 238,A,SQ08,59.0,2026-08-25 00:00:00+00:00
fixture_sintetica_v1,True,P0239,Giocatore Sintetico 239,A,SQ08,47.0,2026-08-25 00:00:00+00:00
fixture_sintetica_v1,True,P0240,Giocatore Sintetico 240,A,SQ08,37.0,2026-08-25 00:00:00+00:00
fixture_sintetica_v1,True,P0241,Giocatore Sintetico 241,P,SQ09,3.0,2026-08-25 00:00:00+00:00
fixture_sintetica_v1,True,P0242,Giocatore Sintetico 242,P,SQ09,9.0,2026-08-25 00:00:00+00:00
fixture_sintetica_v1,True,P0243,Giocatore Sintetico 243,P,SQ09,9.0,2026-08-25 00:00:00+00:00
fixture_sintetica_v1,True,P0244,Giocatore Sintetico 244,P,SQ09,14.0,2026-08-25 00:00:00+00:00
fixture_sintetica_v1,True,P0245,Giocatore Sintetico 245,D,SQ09,10.0,2026-08-25 00:00:00+00:00
fixture_sintetica_v1,True,P0246,Giocatore Sintetico 246,D,SQ09,13.0,2026-08-25 00:00:00+00:00
fixture_sintetica_v1,True,P0247,Giocatore Sintetico 247,D,SQ09,9.0,2026-08-25 00:00:00+00:00
fixture_sintetica_v1,True,P0248,Giocatore Sintetico 248,D,SQ09,17.0,2026-08-25 00:00:00+00:00
fixture_sintetica_v1,True,P0249,Giocatore Sintetico 249,D,SQ09,12.0,2026-08-25 00:00:00+00:00
fixture_sintetica_v1,True,P0250,Giocatore Sintetico 250,D,SQ09,8.0,2026-08-25 00:00:00+00:00
fixture_sintetica_v1,True,P0251,Giocatore Sintetico 251,D,SQ09,9.0,2026-08-25 00:00:00+00:00
fixture_sintetica_v1,True,P0252,Giocatore Sintetico 252,D,SQ09,16.0,2026-08-25 00:00:00+00:00
fixture_sintetica_v1,True,P0253,Giocatore Sintetico 253,D,SQ09,12.0,2026-08-25 00:00:00+00:00
fixture_sintetica_v1,True,P0254,Giocatore Sintetico 254,C,SQ09,40.0,2026-08-25 00:00:00+00:00
fixture_sintetica_v1,True,P0255,Giocatore Sintetico 255,C,SQ09,31.0,2026-08-25 00:00:00+00:00
fixture_sintetica_v1,True,P0256,Giocatore Sintetico 256,C,SQ09,7.0,2026-08-25 00:00:00+00:00
fixture_sintetica_v1,True,P0257,Giocatore Sintetico 257,C,SQ09,35.0,2026-08-25 00:00:00+00:00
fixture_sintetica_v1,True,P0258,Giocatore Sintetico 258,C,SQ09,24.0,2026-08-25 00:00:00+00:00
fixture_sintetica_v1,True,P0259,Giocatore Sintetico 259,C,SQ09,23.0,2026-08-25 00:00:00+00:00
fixture_sintetica_v1,True,P0260,Giocatore Sintetico 260,C,SQ09,39.0,2026-08-25 00:00:00+00:00
fixture_sintetica_v1,True,P0261,Giocatore Sintetico 261,C,SQ09,48.0,2026-08-25 00:00:00+00:00
fixture_sintetica_v1,True,P0262,Giocatore Sintetico 262,C,SQ09,30.0,2026-08-25 00:00:00+00:00
fixture_sintetica_v1,True,P0263,Giocatore Sintetico 263,A,SQ09,19.0,2026-08-25 00:00:00+00:00
fixture_sintetica_v1,True,P0264,Giocatore Sintetico 264,A,SQ09,46.0,2026-08-25 00:00:00+00:00
fixture_sintetica_v1,True,P0265,Giocatore Sintetico 265,A,SQ09,11.0,2026-08-25 00:00:00+00:00
fixture_sintetica_v1,True,P0266,Giocatore Sintetico 266,A,SQ09,36.0,2026-08-25 00:00:00+00:00
fixture_sintetica_v1,True,P0267,Giocatore Sintetico 267,A,SQ09,8.0,2026-08-25 00:00:00+00:00
fixture_sintetica_v1,True,P0268,Giocatore Sintetico 268,A,SQ09,34.0,2026-08-25 00:00:00+00:00
fixture_sintetica_v1,True,P0269,Giocatore Sintetico 269,A,SQ09,30.0,2026-08-25 00:00:00+00:00
fixture_sintetica_v1,True,P0270,Giocatore Sintetico 270,A,SQ09,46.0,2026-08-25 00:00:00+00:00
fixture_sintetica_v1,True,P0271,Giocatore Sintetico 271,P,SQ10,7.0,2026-08-25 00:00:00+00:00
fixture_sintetica_v1,True,P0272,Giocatore Sintetico 272,P,SQ10,15.0,2026-08-25 00:00:00+00:00
fixture_sintetica_v1,True,P0273,Giocatore Sintetico 273,P,SQ10,7.0,2026-08-25 00:00:00+00:00
fixture_sintetica_v1,True,P0274,Giocatore Sintetico 274,P,SQ10,7.0,2026-08-25 00:00:00+00:00
fixture_sintetica_v1,True,P0275,Giocatore Sintetico 275,D,SQ10,14.0,2026-08-25 00:00:00+00:00
fixture_sintetica_v1,True,P0276,Giocatore Sintetico 276,D,SQ10,14.0,2026-08-25 00:00:00+00:00
fixture_sintetica_v1,True,P0277,Giocatore Sintetico 277,D,SQ10,24.0,2026-08-25 00:00:00+00:00
fixture_sintetica_v1,True,P0278,Giocatore Sintetico 278,D,SQ10,15.0,2026-08-25 00:00:00+00:00
fixture_sintetica_v1,True,P0279,Giocatore Sintetico 279,D,SQ10,15.0,2026-08-25 00:00:00+00:00
fixture_sintetica_v1,True,P0280,Giocatore Sintetico 280,D,SQ10,28.0,2026-08-25 00:00:00+00:00
fixture_sintetica_v1,True,P0281,Giocatore Sintetico 281,D,SQ10,27.0,2026-08-25 00:00:00+00:00
fixture_sintetica_v1,True,P0282,Giocatore Sintetico 282,D,SQ10,33.0,2026-08-25 00:00:00+00:00
fixture_sintetica_v1,True,P0283,Giocatore Sintetico 283,D,SQ10,16.0,2026-08-25 00:00:00+00:00
fixture_sintetica_v1,True,P0284,Giocatore Sintetico 284,C,SQ10,24.0,2026-08-25 00:00:00+00:00
fixture_sintetica_v1,True,P0285,Giocatore Sintetico 285,C,SQ10,21.0,2026-08-25 00:00:00+00:00
fixture_sintetica_v1,True,P0286,Giocatore Sintetico 286,C,SQ10,28.0,2026-08-25 00:00:00+00:00
fixture_sintetica_v1,True,P0287,Giocatore Sintetico 287,C,SQ10,20.0,2026-08-25 00:00:00+00:00
fixture_sintetica_v1,True,P0288,Giocatore Sintetico 288,C,SQ10,13.0,2026-08-25 00:00:00+00:00
fixture_sintetica_v1,True,P0289,Giocatore Sintetico 289,C,SQ10,39.0,2026-08-25 00:00:00+00:00
fixture_sintetica_v1,True,P0290,Giocatore Sintetico 290,C,SQ10,11.0,2026-08-25 00:00:00+00:00
fixture_sintetica_v1,True,P0291,Giocatore Sintetico 291,C,SQ10,12.0,2026-08-25 00:00:00+00:00
fixture_sintetica_v1,True,P0292,Giocatore Sintetico 292,C,SQ10,49.0,2026-08-25 00:00:00+00:00
fixture_sintetica_v1,True,P0293,Giocatore Sintetico 293,A,SQ10,37.0,2026-08-25 00:00:00+00:00
fixture_sintetica_v1,True,P0294,Giocatore Sintetico 294,A,SQ10,33.0,2026-08-25 00:00:00+00:00
fixture_sintetica_v1,True,P0295,Giocatore Sintetico 295,A,SQ10,36.0,2026-08-25 00:00:00+00:00
fixture_sintetica_v1,True,P0296,Giocatore Sintetico 296,A,SQ10,31.0,2026-08-25 00:00:00+00:00
fixture_sintetica_v1,True,P0297,Giocatore Sintetico 297,A,SQ10,35.0,2026-08-25 00:00:00+00:00
fixture_sintetica_v1,True,P0298,Giocatore Sintetico 298,A,SQ10,50.0,2026-08-25 00:00:00+00:00
fixture_sintetica_v1,True,P0299,Giocatore Sintetico 299,A,SQ10,25.0,2026-08-25 00:00:00+00:00
fixture_sintetica_v1,True,P0300,Giocatore Sintetico 300,A,SQ10,9.0,2026-08-25 00:00:00+00:00
fixture_sintetica_v1,True,P0301,Giocatore Sintetico 301,P,SQ11,10.0,2026-08-25 00:00:00+00:00
fixture_sintetica_v1,True,P0302,Giocatore Sintetico 302,P,SQ11,13.0,2026-08-25 00:00:00+00:00
fixture_sintetica_v1,True,P0303,Giocatore Sintetico 303,P,SQ11,4.0,2026-08-25 00:00:00+00:00
fixture_sintetica_v1,True,P0304,Giocatore Sintetico 304,P,SQ11,9.0,2026-08-25 00:00:00+00:00
fixture_sintetica_v1,True,P0305,Giocatore Sintetico 305,D,SQ11,29.0,2026-08-25 00:00:00+00:00
fixture_sintetica_v1,True,P0306,Giocatore Sintetico 306,D,SQ11,21.0,2026-08-25 00:00:00+00:00
fixture_sintetica_v1,True,P0307,Giocatore Sintetico 307,D,SQ11,5.0,2026-08-25 00:00:00+00:00
fixture_sintetica_v1,True,P0308,Giocatore Sintetico 308,D,SQ11,27.0,2026-08-25 00:00:00+00:00
fixture_sintetica_v1,True,P0309,Giocatore Sintetico 309,D,SQ11,27.0,2026-08-25 00:00:00+00:00
fixture_sintetica_v1,True,P0310,Giocatore Sintetico 310,D,SQ11,14.0,2026-08-25 00:00:00+00:00
fixture_sintetica_v1,True,P0311,Giocatore Sintetico 311,D,SQ11,18.0,2026-08-25 00:00:00+00:00
fixture_sintetica_v1,True,P0312,Giocatore Sintetico 312,D,SQ11,6.0,2026-08-25 00:00:00+00:00
fixture_sintetica_v1,True,P0313,Giocatore Sintetico 313,D,SQ11,12.0,2026-08-25 00:00:00+00:00
fixture_sintetica_v1,True,P0314,Giocatore Sintetico 314,C,SQ11,25.0,2026-08-25 00:00:00+00:00
fixture_sintetica_v1,True,P0315,Giocatore Sintetico 315,C,SQ11,8.0,2026-08-25 00:00:00+00:00
fixture_sintetica_v1,True,P0316,Giocatore Sintetico 316,C,SQ11,14.0,2026-08-25 00:00:00+00:00
fixture_sintetica_v1,True,P0317,Giocatore Sintetico 317,C,SQ11,34.0,2026-08-25 00:00:00+00:00
fixture_sintetica_v1,True,P0318,Giocatore Sintetico 318,C,SQ11,27.0,2026-08-25 00:00:00+00:00
fixture_sintetica_v1,True,P0319,Giocatore Sintetico 319,C,SQ11,25.0,2026-08-25 00:00:00+00:00
fixture_sintetica_v1,True,P0320,Giocatore Sintetico 320,C,SQ11,39.0,2026-08-25 00:00:00+00:00
fixture_sintetica_v1,True,P0321,Giocatore Sintetico 321,C,SQ11,42.0,2026-08-25 00:00:00+00:00
fixture_sintetica_v1,True,P0322,Giocatore Sintetico 322,C,SQ11,19.0,2026-08-25 00:00:00+00:00
fixture_sintetica_v1,True,P0323,Giocatore Sintetico 323,A,SQ11,56.0,2026-08-25 00:00:00+00:00
fixture_sintetica_v1,True,P0324,Giocatore Sintetico 324,A,SQ11,61.0,2026-08-25 00:00:00+00:00
fixture_sintetica_v1,True,P0325,Giocatore Sintetico 325,A,SQ11,6.0,2026-08-25 00:00:00+00:00
fixture_sintetica_v1,True,P0326,Giocatore Sintetico 326,A,SQ11,49.0,2026-08-25 00:00:00+00:00
fixture_sintetica_v1,True,P0327,Giocatore Sintetico 327,A,SQ11,47.0,2026-08-25 00:00:00+00:00
fixture_sintetica_v1,True,P0328,Giocatore Sintetico 328,A,SQ11,48.0,2026-08-25 00:00:00+00:00
fixture_sintetica_v1,True,P0329,Giocatore Sintetico 329,A,SQ11,55.0,2026-08-25 00:00:00+00:00
fixture_sintetica_v1,True,P0330,Giocatore Sintetico 330,A,SQ11,18.0,2026-08-25 00:00:00+00:00
fixture_sintetica_v1,True,P0331,Giocatore Sintetico 331,P,SQ12,5.0,2026-08-25 00:00:00+00:00
fixture_sintetica_v1,True,P0332,Giocatore Sintetico 332,P,SQ12,11.0,2026-08-25 00:00:00+00:00
fixture_sintetica_v1,True,P0333,Giocatore Sintetico 333,P,SQ12,6.0,2026-08-25 00:00:00+00:00
fixture_sintetica_v1,True,P0334,Giocatore Sintetico 334,P,SQ12,7.0,2026-08-25 00:00:00+00:00
fixture_sintetica_v1,True,P0335,Giocatore Sintetico 335,D,SQ12,19.0,2026-08-25 00:00:00+00:00
fixture_sintetica_v1,True,P0336,Giocatore Sintetico 336,D,SQ12,13.0,2026-08-25 00:00:00+00:00
fixture_sintetica_v1,True,P0337,Giocatore Sintetico 337,D,SQ12,25.0,2026-08-25 00:00:00+00:00
fixture_sintetica_v1,True,P0338,Giocatore Sintetico 338,D,SQ12,16.0,2026-08-25 00:00:00+00:00
fixture_sintetica_v1,True,P0339,Giocatore Sintetico 339,D,SQ12,21.0,2026-08-25 00:00:00+00:00
fixture_sintetica_v1,True,P0340,Giocatore Sintetico 340,D,SQ12,18.0,2026-08-25 00:00:00+00:00
fixture_sintetica_v1,True,P0341,Giocatore Sintetico 341,D,SQ12,9.0,2026-08-25 00:00:00+00:00
fixture_sintetica_v1,True,P0342,Giocatore Sintetico 342,D,SQ12,10.0,2026-08-25 00:00:00+00:00
fixture_sintetica_v1,True,P0343,Giocatore Sintetico 343,D,SQ12,15.0,2026-08-25 00:00:00+00:00
fixture_sintetica_v1,True,P0344,Giocatore Sintetico 344,C,SQ12,49.0,2026-08-25 00:00:00+00:00
fixture_sintetica_v1,True,P0345,Giocatore Sintetico 345,C,SQ12,30.0,2026-08-25 00:00:00+00:00
fixture_sintetica_v1,True,P0346,Giocatore Sintetico 346,C,SQ12,41.0,2026-08-25 00:00:00+00:00
fixture_sintetica_v1,True,P0347,Giocatore Sintetico 347,C,SQ12,18.0,2026-08-25 00:00:00+00:00
fixture_sintetica_v1,True,P0348,Giocatore Sintetico 348,C,SQ12,3.0,2026-08-25 00:00:00+00:00
fixture_sintetica_v1,True,P0349,Giocatore Sintetico 349,C,SQ12,17.0,2026-08-25 00:00:00+00:00
fixture_sintetica_v1,True,P0350,Giocatore Sintetico 350,C,SQ12,34.0,2026-08-25 00:00:00+00:00
fixture_sintetica_v1,True,P0351,Giocatore Sintetico 351,C,SQ12,44.0,2026-08-25 00:00:00+00:00
fixture_sintetica_v1,True,P0352,Giocatore Sintetico 352,C,SQ12,10.0,2026-08-25 00:00:00+00:00
fixture_sintetica_v1,True,P0353,Giocatore Sintetico 353,A,SQ12,24.0,2026-08-25 00:00:00+00:00
fixture_sintetica_v1,True,P0354,Giocatore Sintetico 354,A,SQ12,21.0,2026-08-25 00:00:00+00:00
fixture_sintetica_v1,True,P0355,Giocatore Sintetico 355,A,SQ12,39.0,2026-08-25 00:00:00+00:00
fixture_sintetica_v1,True,P0356,Giocatore Sintetico 356,A,SQ12,32.0,2026-08-25 00:00:00+00:00
fixture_sintetica_v1,True,P0357,Giocatore Sintetico 357,A,SQ12,30.0,2026-08-25 00:00:00+00:00
fixture_sintetica_v1,True,P0358,Giocatore Sintetico 358,A,SQ12,63.0,2026-08-25 00:00:00+00:00
fixture_sintetica_v1,True,P0359,Giocatore Sintetico 359,A,SQ12,24.0,2026-08-25 00:00:00+00:00
fixture_sintetica_v1,True,P0360,Giocatore Sintetico 360,A,SQ12,27.0,2026-08-25 00:00:00+00:00
fixture_sintetica_v1,True,P0361,Giocatore Sintetico 361,P,SQ13,5.0,2026-08-25 00:00:00+00:00
fixture_sintetica_v1,True,P0362,Giocatore Sintetico 362,P,SQ13,11.0,2026-08-25 00:00:00+00:00
fixture_sintetica_v1,True,P0363,Giocatore Sintetico 363,P,SQ13,13.0,2026-08-25 00:00:00+00:00
fixture_sintetica_v1,True,P0364,Giocatore Sintetico 364,P,SQ13,12.0,2026-08-25 00:00:00+00:00
fixture_sintetica_v1,True,P0365,Giocatore Sintetico 365,D,SQ13,14.0,2026-08-25 00:00:00+00:00
fixture_sintetica_v1,True,P0366,Giocatore Sintetico 366,D,SQ13,23.0,2026-08-25 00:00:00+00:00
fixture_sintetica_v1,True,P0367,Giocatore Sintetico 367,D,SQ13,15.0,2026-08-25 00:00:00+00:00
fixture_sintetica_v1,True,P0368,Giocatore Sintetico 368,D,SQ13,24.0,2026-08-25 00:00:00+00:00
fixture_sintetica_v1,True,P0369,Giocatore Sintetico 369,D,SQ13,24.0,2026-08-25 00:00:00+00:00
fixture_sintetica_v1,True,P0370,Giocatore Sintetico 370,D,SQ13,14.0,2026-08-25 00:00:00+00:00
fixture_sintetica_v1,True,P0371,Giocatore Sintetico 371,D,SQ13,17.0,2026-08-25 00:00:00+00:00
fixture_sintetica_v1,True,P0372,Giocatore Sintetico 372,D,SQ13,10.0,2026-08-25 00:00:00+00:00
fixture_sintetica_v1,True,P0373,Giocatore Sintetico 373,D,SQ13,13.0,2026-08-25 00:00:00+00:00
fixture_sintetica_v1,True,P0374,Giocatore Sintetico 374,C,SQ13,43.0,2026-08-25 00:00:00+00:00
fixture_sintetica_v1,True,P0375,Giocatore Sintetico 375,C,SQ13,8.0,2026-08-25 00:00:00+00:00
fixture_sintetica_v1,True,P0376,Giocatore Sintetico 376,C,SQ13,18.0,2026-08-25 00:00:00+00:00
fixture_sintetica_v1,True,P0377,Giocatore Sintetico 377,C,SQ13,27.0,2026-08-25 00:00:00+00:00
fixture_sintetica_v1,True,P0378,Giocatore Sintetico 378,C,SQ13,36.0,2026-08-25 00:00:00+00:00
fixture_sintetica_v1,True,P0379,Giocatore Sintetico 379,C,SQ13,9.0,2026-08-25 00:00:00+00:00
fixture_sintetica_v1,True,P0380,Giocatore Sintetico 380,C,SQ13,25.0,2026-08-25 00:00:00+00:00
fixture_sintetica_v1,True,P0381,Giocatore Sintetico 381,C,SQ13,38.0,2026-08-25 00:00:00+00:00
fixture_sintetica_v1,True,P0382,Giocatore Sintetico 382,C,SQ13,24.0,2026-08-25 00:00:00+00:00
fixture_sintetica_v1,True,P0383,Giocatore Sintetico 383,A,SQ13,51.0,2026-08-25 00:00:00+00:00
fixture_sintetica_v1,True,P0384,Giocatore Sintetico 384,A,SQ13,34.0,2026-08-25 00:00:00+00:00
fixture_sintetica_v1,True,P0385,Giocatore Sintetico 385,A,SQ13,28.0,2026-08-25 00:00:00+00:00
fixture_sintetica_v1,True,P0386,Giocatore Sintetico 386,A,SQ13,26.0,2026-08-25 00:00:00+00:00
fixture_sintetica_v1,True,P0387,Giocatore Sintetico 387,A,SQ13,70.0,2026-08-25 00:00:00+00:00
fixture_sintetica_v1,True,P0388,Giocatore Sintetico 388,A,SQ13,10.0,2026-08-25 00:00:00+00:00
fixture_sintetica_v1,True,P0389,Giocatore Sintetico 389,A,SQ13,25.0,2026-08-25 00:00:00+00:00
fixture_sintetica_v1,True,P0390,Giocatore Sintetico 390,A,SQ13,29.0,2026-08-25 00:00:00+00:00
fixture_sintetica_v1,True,P0391,Giocatore Sintetico 391,P,SQ14,4.0,2026-08-25 00:00:00+00:00
fixture_sintetica_v1,True,P0392,Giocatore Sintetico 392,P,SQ14,8.0,2026-08-25 00:00:00+00:00
fixture_sintetica_v1,True,P0393,Giocatore Sintetico 393,P,SQ14,4.0,2026-08-25 00:00:00+00:00
fixture_sintetica_v1,True,P0394,Giocatore Sintetico 394,P,SQ14,15.0,2026-08-25 00:00:00+00:00
fixture_sintetica_v1,True,P0395,Giocatore Sintetico 395,D,SQ14,20.0,2026-08-25 00:00:00+00:00
fixture_sintetica_v1,True,P0396,Giocatore Sintetico 396,D,SQ14,5.0,2026-08-25 00:00:00+00:00
fixture_sintetica_v1,True,P0397,Giocatore Sintetico 397,D,SQ14,7.0,2026-08-25 00:00:00+00:00
fixture_sintetica_v1,True,P0398,Giocatore Sintetico 398,D,SQ14,25.0,2026-08-25 00:00:00+00:00
fixture_sintetica_v1,True,P0399,Giocatore Sintetico 399,D,SQ14,22.0,2026-08-25 00:00:00+00:00
fixture_sintetica_v1,True,P0400,Giocatore Sintetico 400,D,SQ14,2.0,2026-08-25 00:00:00+00:00
fixture_sintetica_v1,True,P0401,Giocatore Sintetico 401,D,SQ14,28.0,2026-08-25 00:00:00+00:00
fixture_sintetica_v1,True,P0402,Giocatore Sintetico 402,D,SQ14,21.0,2026-08-25 00:00:00+00:00
fixture_sintetica_v1,True,P0403,Giocatore Sintetico 403,D,SQ14,31.0,2026-08-25 00:00:00+00:00
fixture_sintetica_v1,True,P0404,Giocatore Sintetico 404,C,SQ14,24.0,2026-08-25 00:00:00+00:00
fixture_sintetica_v1,True,P0405,Giocatore Sintetico 405,C,SQ14,20.0,2026-08-25 00:00:00+00:00
fixture_sintetica_v1,True,P0406,Giocatore Sintetico 406,C,SQ14,44.0,2026-08-25 00:00:00+00:00
fixture_sintetica_v1,True,P0407,Giocatore Sintetico 407,C,SQ14,7.0,2026-08-25 00:00:00+00:00
fixture_sintetica_v1,True,P0408,Giocatore Sintetico 408,C,SQ14,31.0,2026-08-25 00:00:00+00:00
fixture_sintetica_v1,True,P0409,Giocatore Sintetico 409,C,SQ14,53.0,2026-08-25 00:00:00+00:00
fixture_sintetica_v1,True,P0410,Giocatore Sintetico 410,C,SQ14,17.0,2026-08-25 00:00:00+00:00
fixture_sintetica_v1,True,P0411,Giocatore Sintetico 411,C,SQ14,8.0,2026-08-25 00:00:00+00:00
fixture_sintetica_v1,True,P0412,Giocatore Sintetico 412,C,SQ14,41.0,2026-08-25 00:00:00+00:00
fixture_sintetica_v1,True,P0413,Giocatore Sintetico 413,A,SQ14,23.0,2026-08-25 00:00:00+00:00
fixture_sintetica_v1,True,P0414,Giocatore Sintetico 414,A,SQ14,38.0,2026-08-25 00:00:00+00:00
fixture_sintetica_v1,True,P0415,Giocatore Sintetico 415,A,SQ14,42.0,2026-08-25 00:00:00+00:00
fixture_sintetica_v1,True,P0416,Giocatore Sintetico 416,A,SQ14,17.0,2026-08-25 00:00:00+00:00
fixture_sintetica_v1,True,P0417,Giocatore Sintetico 417,A,SQ14,33.0,2026-08-25 00:00:00+00:00
fixture_sintetica_v1,True,P0418,Giocatore Sintetico 418,A,SQ14,41.0,2026-08-25 00:00:00+00:00
fixture_sintetica_v1,True,P0419,Giocatore Sintetico 419,A,SQ14,55.0,2026-08-25 00:00:00+00:00
fixture_sintetica_v1,True,P0420,Giocatore Sintetico 420,A,SQ14,18.0,2026-08-25 00:00:00+00:00
fixture_sintetica_v1,True,P0421,Giocatore Sintetico 421,P,SQ15,6.0,2026-08-25 00:00:00+00:00
fixture_sintetica_v1,True,P0422,Giocatore Sintetico 422,P,SQ15,16.0,2026-08-25 00:00:00+00:00
fixture_sintetica_v1,True,P0423,Giocatore Sintetico 423,P,SQ15,14.0,2026-08-25 00:00:00+00:00
fixture_sintetica_v1,True,P0424,Giocatore Sintetico 424,P,SQ15,8.0,2026-08-25 00:00:00+00:00
fixture_sintetica_v1,True,P0425,Giocatore Sintetico 425,D,SQ15,9.0,2026-08-25 00:00:00+00:00
fixture_sintetica_v1,True,P0426,Giocatore Sintetico 426,D,SQ15,27.0,2026-08-25 00:00:00+00:00
fixture_sintetica_v1,True,P0427,Giocatore Sintetico 427,D,SQ15,25.0,2026-08-25 00:00:00+00:00
fixture_sintetica_v1,True,P0428,Giocatore Sintetico 428,D,SQ15,21.0,2026-08-25 00:00:00+00:00
fixture_sintetica_v1,True,P0429,Giocatore Sintetico 429,D,SQ15,16.0,2026-08-25 00:00:00+00:00
fixture_sintetica_v1,True,P0430,Giocatore Sintetico 430,D,SQ15,15.0,2026-08-25 00:00:00+00:00
fixture_sintetica_v1,True,P0431,Giocatore Sintetico 431,D,SQ15,24.0,2026-08-25 00:00:00+00:00
fixture_sintetica_v1,True,P0432,Giocatore Sintetico 432,D,SQ15,11.0,2026-08-25 00:00:00+00:00
fixture_sintetica_v1,True,P0433,Giocatore Sintetico 433,D,SQ15,28.0,2026-08-25 00:00:00+00:00
fixture_sintetica_v1,True,P0434,Giocatore Sintetico 434,C,SQ15,10.0,2026-08-25 00:00:00+00:00
fixture_sintetica_v1,True,P0435,Giocatore Sintetico 435,C,SQ15,13.0,2026-08-25 00:00:00+00:00
fixture_sintetica_v1,True,P0436,Giocatore Sintetico 436,C,SQ15,43.0,2026-08-25 00:00:00+00:00
fixture_sintetica_v1,True,P0437,Giocatore Sintetico 437,C,SQ15,30.0,2026-08-25 00:00:00+00:00
fixture_sintetica_v1,True,P0438,Giocatore Sintetico 438,C,SQ15,47.0,2026-08-25 00:00:00+00:00
fixture_sintetica_v1,True,P0439,Giocatore Sintetico 439,C,SQ15,15.0,2026-08-25 00:00:00+00:00
fixture_sintetica_v1,True,P0440,Giocatore Sintetico 440,C,SQ15,20.0,2026-08-25 00:00:00+00:00
fixture_sintetica_v1,True,P0441,Giocatore Sintetico 441,C,SQ15,35.0,2026-08-25 00:00:00+00:00
fixture_sintetica_v1,True,P0442,Giocatore Sintetico 442,C,SQ15,45.0,2026-08-25 00:00:00+00:00
fixture_sintetica_v1,True,P0443,Giocatore Sintetico 443,A,SQ15,57.0,2026-08-25 00:00:00+00:00
fixture_sintetica_v1,True,P0444,Giocatore Sintetico 444,A,SQ15,28.0,2026-08-25 00:00:00+00:00
fixture_sintetica_v1,True,P0445,Giocatore Sintetico 445,A,SQ15,27.0,2026-08-25 00:00:00+00:00
fixture_sintetica_v1,True,P0446,Giocatore Sintetico 446,A,SQ15,33.0,2026-08-25 00:00:00+00:00
fixture_sintetica_v1,True,P0447,Giocatore Sintetico 447,A,SQ15,35.0,2026-08-25 00:00:00+00:00
fixture_sintetica_v1,True,P0448,Giocatore Sintetico 448,A,SQ15,51.0,2026-08-25 00:00:00+00:00
fixture_sintetica_v1,True,P0449,Giocatore Sintetico 449,A,SQ15,53.0,2026-08-25 00:00:00+00:00
fixture_sintetica_v1,True,P0450,Giocatore Sintetico 450,A,SQ15,57.0,2026-08-25 00:00:00+00:00
fixture_sintetica_v1,True,P0451,Giocatore Sintetico 451,P,SQ16,3.0,2026-08-25 00:00:00+00:00
fixture_sintetica_v1,True,P0452,Giocatore Sintetico 452,P,SQ16,15.0,2026-08-25 00:00:00+00:00
fixture_sintetica_v1,True,P0453,Giocatore Sintetico 453,P,SQ16,10.0,2026-08-25 00:00:00+00:00
fixture_sintetica_v1,True,P0454,Giocatore Sintetico 454,P,SQ16,15.0,2026-08-25 00:00:00+00:00
fixture_sintetica_v1,True,P0455,Giocatore Sintetico 455,D,SQ16,25.0,2026-08-25 00:00:00+00:00
fixture_sintetica_v1,True,P0456,Giocatore Sintetico 456,D,SQ16,9.0,2026-08-25 00:00:00+00:00
fixture_sintetica_v1,True,P0457,Giocatore Sintetico 457,D,SQ16,14.0,2026-08-25 00:00:00+00:00
fixture_sintetica_v1,True,P0458,Giocatore Sintetico 458,D,SQ16,15.0,2026-08-25 00:00:00+00:00
fixture_sintetica_v1,True,P0459,Giocatore Sintetico 459,D,SQ16,23.0,2026-08-25 00:00:00+00:00
fixture_sintetica_v1,True,P0460,Giocatore Sintetico 460,D,SQ16,16.0,2026-08-25 00:00:00+00:00
fixture_sintetica_v1,True,P0461,Giocatore Sintetico 461,D,SQ16,28.0,2026-08-25 00:00:00+00:00
fixture_sintetica_v1,True,P0462,Giocatore Sintetico 462,D,SQ16,21.0,2026-08-25 00:00:00+00:00
fixture_sintetica_v1,True,P0463,Giocatore Sintetico 463,D,SQ16,25.0,2026-08-25 00:00:00+00:00
fixture_sintetica_v1,True,P0464,Giocatore Sintetico 464,C,SQ16,11.0,2026-08-25 00:00:00+00:00
fixture_sintetica_v1,True,P0465,Giocatore Sintetico 465,C,SQ16,30.0,2026-08-25 00:00:00+00:00
fixture_sintetica_v1,True,P0466,Giocatore Sintetico 466,C,SQ16,29.0,2026-08-25 00:00:00+00:00
fixture_sintetica_v1,True,P0467,Giocatore Sintetico 467,C,SQ16,25.0,2026-08-25 00:00:00+00:00
fixture_sintetica_v1,True,P0468,Giocatore Sintetico 468,C,SQ16,15.0,2026-08-25 00:00:00+00:00
fixture_sintetica_v1,True,P0469,Giocatore Sintetico 469,C,SQ16,36.0,2026-08-25 00:00:00+00:00
fixture_sintetica_v1,True,P0470,Giocatore Sintetico 470,C,SQ16,24.0,2026-08-25 00:00:00+00:00
fixture_sintetica_v1,True,P0471,Giocatore Sintetico 471,C,SQ16,53.0,2026-08-25 00:00:00+00:00
fixture_sintetica_v1,True,P0472,Giocatore Sintetico 472,C,SQ16,39.0,2026-08-25 00:00:00+00:00
fixture_sintetica_v1,True,P0473,Giocatore Sintetico 473,A,SQ16,43.0,2026-08-25 00:00:00+00:00
fixture_sintetica_v1,True,P0474,Giocatore Sintetico 474,A,SQ16,7.0,2026-08-25 00:00:00+00:00
fixture_sintetica_v1,True,P0475,Giocatore Sintetico 475,A,SQ16,7.0,2026-08-25 00:00:00+00:00
fixture_sintetica_v1,True,P0476,Giocatore Sintetico 476,A,SQ16,32.0,2026-08-25 00:00:00+00:00
fixture_sintetica_v1,True,P0477,Giocatore Sintetico 477,A,SQ16,41.0,2026-08-25 00:00:00+00:00
fixture_sintetica_v1,True,P0478,Giocatore Sintetico 478,A,SQ16,53.0,2026-08-25 00:00:00+00:00
fixture_sintetica_v1,True,P0479,Giocatore Sintetico 479,A,SQ16,28.0,2026-08-25 00:00:00+00:00
fixture_sintetica_v1,True,P0480,Giocatore Sintetico 480,A,SQ16,43.0,2026-08-25 00:00:00+00:00
fixture_sintetica_v1,True,P0481,Giocatore Sintetico 481,P,SQ17,10.0,2026-08-25 00:00:00+00:00
fixture_sintetica_v1,True,P0482,Giocatore Sintetico 482,P,SQ17,5.0,2026-08-25 00:00:00+00:00
fixture_sintetica_v1,True,P0483,Giocatore Sintetico 483,P,SQ17,13.0,2026-08-25 00:00:00+00:00
fixture_sintetica_v1,True,P0484,Giocatore Sintetico 484,P,SQ17,12.0,2026-08-25 00:00:00+00:00
fixture_sintetica_v1,True,P0485,Giocatore Sintetico 485,D,SQ17,10.0,2026-08-25 00:00:00+00:00
fixture_sintetica_v1,True,P0486,Giocatore Sintetico 486,D,SQ17,7.0,2026-08-25 00:00:00+00:00
fixture_sintetica_v1,True,P0487,Giocatore Sintetico 487,D,SQ17,13.0,2026-08-25 00:00:00+00:00
fixture_sintetica_v1,True,P0488,Giocatore Sintetico 488,D,SQ17,12.0,2026-08-25 00:00:00+00:00
fixture_sintetica_v1,True,P0489,Giocatore Sintetico 489,D,SQ17,20.0,2026-08-25 00:00:00+00:00
fixture_sintetica_v1,True,P0490,Giocatore Sintetico 490,D,SQ17,20.0,2026-08-25 00:00:00+00:00
fixture_sintetica_v1,True,P0491,Giocatore Sintetico 491,D,SQ17,18.0,2026-08-25 00:00:00+00:00
fixture_sintetica_v1,True,P0492,Giocatore Sintetico 492,D,SQ17,11.0,2026-08-25 00:00:00+00:00
fixture_sintetica_v1,True,P0493,Giocatore Sintetico 493,D,SQ17,20.0,2026-08-25 00:00:00+00:00
fixture_sintetica_v1,True,P0494,Giocatore Sintetico 494,C,SQ17,48.0,2026-08-25 00:00:00+00:00
fixture_sintetica_v1,True,P0495,Giocatore Sintetico 495,C,SQ17,7.0,2026-08-25 00:00:00+00:00
fixture_sintetica_v1,True,P0496,Giocatore Sintetico 496,C,SQ17,23.0,2026-08-25 00:00:00+00:00
fixture_sintetica_v1,True,P0497,Giocatore Sintetico 497,C,SQ17,4.0,2026-08-25 00:00:00+00:00
fixture_sintetica_v1,True,P0498,Giocatore Sintetico 498,C,SQ17,28.0,2026-08-25 00:00:00+00:00
fixture_sintetica_v1,True,P0499,Giocatore Sintetico 499,C,SQ17,51.0,2026-08-25 00:00:00+00:00
fixture_sintetica_v1,True,P0500,Giocatore Sintetico 500,C,SQ17,26.0,2026-08-25 00:00:00+00:00
fixture_sintetica_v1,True,P0501,Giocatore Sintetico 501,C,SQ17,33.0,2026-08-25 00:00:00+00:00
fixture_sintetica_v1,True,P0502,Giocatore Sintetico 502,C,SQ17,44.0,2026-08-25 00:00:00+00:00
fixture_sintetica_v1,True,P0503,Giocatore Sintetico 503,A,SQ17,16.0,2026-08-25 00:00:00+00:00
fixture_sintetica_v1,True,P0504,Giocatore Sintetico 504,A,SQ17,25.0,2026-08-25 00:00:00+00:00
fixture_sintetica_v1,True,P0505,Giocatore Sintetico 505,A,SQ17,70.0,2026-08-25 00:00:00+00:00
fixture_sintetica_v1,True,P0506,Giocatore Sintetico 506,A,SQ17,59.0,2026-08-25 00:00:00+00:00
fixture_sintetica_v1,True,P0507,Giocatore Sintetico 507,A,SQ17,67.0,2026-08-25 00:00:00+00:00
fixture_sintetica_v1,True,P0508,Giocatore Sintetico 508,A,SQ17,57.0,2026-08-25 00:00:00+00:00
fixture_sintetica_v1,True,P0509,Giocatore Sintetico 509,A,SQ17,28.0,2026-08-25 00:00:00+00:00
fixture_sintetica_v1,True,P0510,Giocatore Sintetico 510,A,SQ17,44.0,2026-08-25 00:00:00+00:00
fixture_sintetica_v1,True,P0511,Giocatore Sintetico 511,P,SQ18,12.0,2026-08-25 00:00:00+00:00
fixture_sintetica_v1,True,P0512,Giocatore Sintetico 512,P,SQ18,9.0,2026-08-25 00:00:00+00:00
fixture_sintetica_v1,True,P0513,Giocatore Sintetico 513,P,SQ18,9.0,2026-08-25 00:00:00+00:00
fixture_sintetica_v1,True,P0514,Giocatore Sintetico 514,P,SQ18,16.0,2026-08-25 00:00:00+00:00
fixture_sintetica_v1,True,P0515,Giocatore Sintetico 515,D,SQ18,19.0,2026-08-25 00:00:00+00:00
fixture_sintetica_v1,True,P0516,Giocatore Sintetico 516,D,SQ18,10.0,2026-08-25 00:00:00+00:00
fixture_sintetica_v1,True,P0517,Giocatore Sintetico 517,D,SQ18,17.0,2026-08-25 00:00:00+00:00
fixture_sintetica_v1,True,P0518,Giocatore Sintetico 518,D,SQ18,27.0,2026-08-25 00:00:00+00:00
fixture_sintetica_v1,True,P0519,Giocatore Sintetico 519,D,SQ18,20.0,2026-08-25 00:00:00+00:00
fixture_sintetica_v1,True,P0520,Giocatore Sintetico 520,D,SQ18,6.0,2026-08-25 00:00:00+00:00
fixture_sintetica_v1,True,P0521,Giocatore Sintetico 521,D,SQ18,16.0,2026-08-25 00:00:00+00:00
fixture_sintetica_v1,True,P0522,Giocatore Sintetico 522,D,SQ18,19.0,2026-08-25 00:00:00+00:00
fixture_sintetica_v1,True,P0523,Giocatore Sintetico 523,D,SQ18,13.0,2026-08-25 00:00:00+00:00
fixture_sintetica_v1,True,P0524,Giocatore Sintetico 524,C,SQ18,20.0,2026-08-25 00:00:00+00:00
fixture_sintetica_v1,True,P0525,Giocatore Sintetico 525,C,SQ18,19.0,2026-08-25 00:00:00+00:00
fixture_sintetica_v1,True,P0526,Giocatore Sintetico 526,C,SQ18,32.0,2026-08-25 00:00:00+00:00
fixture_sintetica_v1,True,P0527,Giocatore Sintetico 527,C,SQ18,14.0,2026-08-25 00:00:00+00:00
fixture_sintetica_v1,True,P0528,Giocatore Sintetico 528,C,SQ18,30.0,2026-08-25 00:00:00+00:00
fixture_sintetica_v1,True,P0529,Giocatore Sintetico 529,C,SQ18,27.0,2026-08-25 00:00:00+00:00
fixture_sintetica_v1,True,P0530,Giocatore Sintetico 530,C,SQ18,43.0,2026-08-25 00:00:00+00:00
fixture_sintetica_v1,True,P0531,Giocatore Sintetico 531,C,SQ18,10.0,2026-08-25 00:00:00+00:00
fixture_sintetica_v1,True,P0532,Giocatore Sintetico 532,C,SQ18,37.0,2026-08-25 00:00:00+00:00
fixture_sintetica_v1,True,P0533,Giocatore Sintetico 533,A,SQ18,24.0,2026-08-25 00:00:00+00:00
fixture_sintetica_v1,True,P0534,Giocatore Sintetico 534,A,SQ18,36.0,2026-08-25 00:00:00+00:00
fixture_sintetica_v1,True,P0535,Giocatore Sintetico 535,A,SQ18,23.0,2026-08-25 00:00:00+00:00
fixture_sintetica_v1,True,P0536,Giocatore Sintetico 536,A,SQ18,38.0,2026-08-25 00:00:00+00:00
fixture_sintetica_v1,True,P0537,Giocatore Sintetico 537,A,SQ18,31.0,2026-08-25 00:00:00+00:00
fixture_sintetica_v1,True,P0538,Giocatore Sintetico 538,A,SQ18,52.0,2026-08-25 00:00:00+00:00
fixture_sintetica_v1,True,P0539,Giocatore Sintetico 539,A,SQ18,12.0,2026-08-25 00:00:00+00:00
fixture_sintetica_v1,True,P0540,Giocatore Sintetico 540,A,SQ18,39.0,2026-08-25 00:00:00+00:00
fixture_sintetica_v1,True,P0541,Giocatore Sintetico 541,P,SQ19,11.0,2026-08-25 00:00:00+00:00
fixture_sintetica_v1,True,P0542,Giocatore Sintetico 542,P,SQ19,11.0,2026-08-25 00:00:00+00:00
fixture_sintetica_v1,True,P0543,Giocatore Sintetico 543,P,SQ19,16.0,2026-08-25 00:00:00+00:00
fixture_sintetica_v1,True,P0544,Giocatore Sintetico 544,P,SQ19,8.0,2026-08-25 00:00:00+00:00
fixture_sintetica_v1,True,P0545,Giocatore Sintetico 545,D,SQ19,10.0,2026-08-25 00:00:00+00:00
fixture_sintetica_v1,True,P0546,Giocatore Sintetico 546,D,SQ19,9.0,2026-08-25 00:00:00+00:00
fixture_sintetica_v1,True,P0547,Giocatore Sintetico 547,D,SQ19,15.0,2026-08-25 00:00:00+00:00
fixture_sintetica_v1,True,P0548,Giocatore Sintetico 548,D,SQ19,13.0,2026-08-25 00:00:00+00:00
fixture_sintetica_v1,True,P0549,Giocatore Sintetico 549,D,SQ19,24.0,2026-08-25 00:00:00+00:00
fixture_sintetica_v1,True,P0550,Giocatore Sintetico 550,D,SQ19,15.0,2026-08-25 00:00:00+00:00
fixture_sintetica_v1,True,P0551,Giocatore Sintetico 551,D,SQ19,15.0,2026-08-25 00:00:00+00:00
fixture_sintetica_v1,True,P0552,Giocatore Sintetico 552,D,SQ19,15.0,2026-08-25 00:00:00+00:00
fixture_sintetica_v1,True,P0553,Giocatore Sintetico 553,D,SQ19,28.0,2026-08-25 00:00:00+00:00
fixture_sintetica_v1,True,P0554,Giocatore Sintetico 554,C,SQ19,42.0,2026-08-25 00:00:00+00:00
fixture_sintetica_v1,True,P0555,Giocatore Sintetico 555,C,SQ19,33.0,2026-08-25 00:00:00+00:00
fixture_sintetica_v1,True,P0556,Giocatore Sintetico 556,C,SQ19,43.0,2026-08-25 00:00:00+00:00
fixture_sintetica_v1,True,P0557,Giocatore Sintetico 557,C,SQ19,40.0,2026-08-25 00:00:00+00:00
fixture_sintetica_v1,True,P0558,Giocatore Sintetico 558,C,SQ19,11.0,2026-08-25 00:00:00+00:00
fixture_sintetica_v1,True,P0559,Giocatore Sintetico 559,C,SQ19,33.0,2026-08-25 00:00:00+00:00
fixture_sintetica_v1,True,P0560,Giocatore Sintetico 560,C,SQ19,26.0,2026-08-25 00:00:00+00:00
fixture_sintetica_v1,True,P0561,Giocatore Sintetico 561,C,SQ19,32.0,2026-08-25 00:00:00+00:00
fixture_sintetica_v1,True,P0562,Giocatore Sintetico 562,C,SQ19,47.0,2026-08-25 00:00:00+00:00
fixture_sintetica_v1,True,P0563,Giocatore Sintetico 563,A,SQ19,22.0,2026-08-25 00:00:00+00:00
fixture_sintetica_v1,True,P0564,Giocatore Sintetico 564,A,SQ19,65.0,2026-08-25 00:00:00+00:00
fixture_sintetica_v1,True,P0565,Giocatore Sintetico 565,A,SQ19,13.0,2026-08-25 00:00:00+00:00
fixture_sintetica_v1,True,P0566,Giocatore Sintetico 566,A,SQ19,42.0,2026-08-25 00:00:00+00:00
fixture_sintetica_v1,True,P0567,Giocatore Sintetico 567,A,SQ19,23.0,2026-08-25 00:00:00+00:00
fixture_sintetica_v1,True,P0568,Giocatore Sintetico 568,A,SQ19,30.0,2026-08-25 00:00:00+00:00
fixture_sintetica_v1,True,P0569,Giocatore Sintetico 569,A,SQ19,32.0,2026-08-25 00:00:00+00:00
fixture_sintetica_v1,True,P0570,Giocatore Sintetico 570,A,SQ19,39.0,2026-08-25 00:00:00+00:00
fixture_sintetica_v1,True,P0571,Giocatore Sintetico 571,P,SQ20,11.0,2026-08-25 00:00:00+00:00
fixture_sintetica_v1,True,P0572,Giocatore Sintetico 572,P,SQ20,17.0,2026-08-25 00:00:00+00:00
fixture_sintetica_v1,True,P0573,Giocatore Sintetico 573,P,SQ20,15.0,2026-08-25 00:00:00+00:00
fixture_sintetica_v1,True,P0574,Giocatore Sintetico 574,P,SQ20,13.0,2026-08-25 00:00:00+00:00
fixture_sintetica_v1,True,P0575,Giocatore Sintetico 575,D,SQ20,23.0,2026-08-25 00:00:00+00:00
fixture_sintetica_v1,True,P0576,Giocatore Sintetico 576,D,SQ20,15.0,2026-08-25 00:00:00+00:00
fixture_sintetica_v1,True,P0577,Giocatore Sintetico 577,D,SQ20,15.0,2026-08-25 00:00:00+00:00
fixture_sintetica_v1,True,P0578,Giocatore Sintetico 578,D,SQ20,21.0,2026-08-25 00:00:00+00:00
fixture_sintetica_v1,True,P0579,Giocatore Sintetico 579,D,SQ20,20.0,2026-08-25 00:00:00+00:00
fixture_sintetica_v1,True,P0580,Giocatore Sintetico 580,D,SQ20,17.0,2026-08-25 00:00:00+00:00
fixture_sintetica_v1,True,P0581,Giocatore Sintetico 581,D,SQ20,18.0,2026-08-25 00:00:00+00:00
fixture_sintetica_v1,True,P0582,Giocatore Sintetico 582,D,SQ20,22.0,2026-08-25 00:00:00+00:00
fixture_sintetica_v1,True,P0583,Giocatore Sintetico 583,D,SQ20,14.0,2026-08-25 00:00:00+00:00
fixture_sintetica_v1,True,P0584,Giocatore Sintetico 584,C,SQ20,9.0,2026-08-25 00:00:00+00:00
fixture_sintetica_v1,True,P0585,Giocatore Sintetico 585,C,SQ20,29.0,2026-08-25 00:00:00+00:00
fixture_sintetica_v1,True,P0586,Giocatore Sintetico 586,C,SQ20,26.0,2026-08-25 00:00:00+00:00
fixture_sintetica_v1,True,P0587,Giocatore Sintetico 587,C,SQ20,42.0,2026-08-25 00:00:00+00:00
fixture_sintetica_v1,True,P0588,Giocatore Sintetico 588,C,SQ20,10.0,2026-08-25 00:00:00+00:00
fixture_sintetica_v1,True,P0589,Giocatore Sintetico 589,C,SQ20,18.0,2026-08-25 00:00:00+00:00
fixture_sintetica_v1,True,P0590,Giocatore Sintetico 590,C,SQ20,35.0,2026-08-25 00:00:00+00:00
fixture_sintetica_v1,True,P0591,Giocatore Sintetico 591,C,SQ20,20.0,2026-08-25 00:00:00+00:00
fixture_sintetica_v1,True,P0592,Giocatore Sintetico 592,C,SQ20,35.0,2026-08-25 00:00:00+00:00
fixture_sintetica_v1,True,P0593,Giocatore Sintetico 593,A,SQ20,35.0,2026-08-25 00:00:00+00:00
fixture_sintetica_v1,True,P0594,Giocatore Sintetico 594,A,SQ20,32.0,2026-08-25 00:00:00+00:00
fixture_sintetica_v1,True,P0595,Giocatore Sintetico 595,A,SQ20,30.0,2026-08-25 00:00:00+00:00
fixture_sintetica_v1,True,P0596,Giocatore Sintetico 596,A,SQ20,44.0,2026-08-25 00:00:00+00:00
fixture_sintetica_v1,True,P0597,Giocatore Sintetico 597,A,SQ20,24.0,2026-08-25 00:00:00+00:00
fixture_sintetica_v1,True,P0598,Giocatore Sintetico 598,A,SQ20,13.0,2026-08-25 00:00:00+00:00
fixture_sintetica_v1,True,P0599,Giocatore Sintetico 599,A,SQ20,32.0,2026-08-25 00:00:00+00:00
fixture_sintetica_v1,True,P0600,Giocatore Sintetico 600,A,SQ20,57.0,2026-08-25 00:00:00+00:00
